 Product URL,Product Name,Product Price,Rating,Number of reviews
https://www.amazon.in/sspa/click?ie=UTF8&spc=MTo0NTg0MjgzODI1NTg3ODk0OjE2NzkzOTY1ODg6c3BfYXRmOjIwMTA3MTQwNzk2Nzk4OjowOjo&url=%2FTargus-12-5-15-6-Advanced-TSB96201GL-Backpack%2Fdp%2FB07JQJTRHY%2Fref%3Dsr_1_1_sspa%3Fcrid%3D2M096C61O4MLT%26keywords%3Dbags%26qid%3D1679396588%26sprefix%3Dba%252Caps%252C283%26sr%3D8-1-spons%26sp_csd%3Dd2lkZ2V0TmFtZT1zcF9hdGY%26psc%3D1,"Targus 12.5-15.6"" Geolite Advanced TSB96201GL Backpack (Slate Grey)  ","2,448",4.4 out of 5 stars,156
https://www.amazon.in/sspa/click?ie=UTF8&spc=MTo0NTg0MjgzODI1NTg3ODk0OjE2NzkzOTY1ODg6c3BfYXRmOjIwMTEyMDk2MzE3NTk4OjowOjo&url=%2Fuppercase-Professional-Anti-theft-resistant-sustainable%2Fdp%2FB0BSH4H4DB%2Fref%3Dsr_1_2_sspa%3Fcrid%3D2M096C61O4MLT%26keywords%3Dbags%26qid%3D1679396588%26sprefix%3Dba%252Caps%252C283%26sr%3D8-2-spons%26sp_csd%3Dd2lkZ2V0TmFtZT1zcF9hdGY%26psc%3D1,"uppercase Matrix Professional Anti-theft Laptop Backpack (15.6 Inch) 3x more water resistant sustainable bags with rain proof zippers for Men, Women, Boys and Girls, 750 Days warranty  ","2,300",4.2 out of 5 stars,12
https://www.amazon.in/American-Tourister-AMT-SCH-02/dp/B07CJCGM1M/ref=sr_1_3?crid=2M096C61O4MLT&keywords=bags&qid=1679396588&sprefix=ba%2Caps%2C283&sr=8-3,American Tourister 32 Ltrs Black Casual Backpack (AMT FIZZ SCH BAG 02 - BLACK)  ,"1,199",4.1 out of 5 stars,"52,288"
https://www.amazon.in/Wesley-Milestone-Waterproof-Backpack-Business/dp/B084JGJ8PF/ref=sr_1_4?crid=2M096C61O4MLT&keywords=bags&qid=1679396588&sprefix=ba%2Caps%2C283&sr=8-4,Wesley Milestone 2.0 Casual Waterproof Laptop Backpack/Office Bag/School Bag/College Bag/Business Bag/Travel Backpack (Dimensions:13x18 inches) (Compatible with 39.62cm(15.6inch laptop) 30 L (Blue & black)  ,565,4.3 out of 5 stars,"9,794"
https://www.amazon.in/Skybags-Brat-Black-Casual-Backpack/dp/B08Z1HHHTD/ref=sr_1_5?crid=2M096C61O4MLT&keywords=bags&qid=1679396588&sprefix=ba%2Caps%2C283&sr=8-5,Skybags Brat Black 46 Cms Casual Backpack  ,659,4.1 out of 5 stars,"3,770"
https://www.amazon.in/Lavie-Sport-Duffle-Luggage-Trolley/dp/B097RJ22Q3/ref=sr_1_6?crid=2M096C61O4MLT&keywords=bags&qid=1679396588&sprefix=ba%2Caps%2C283&sr=8-6,Lavie Sport Lino Large Size 63 cms Wheel Duffle Bag for Travel | Travel Bag with Trolley  ,949,3.9 out of 5 stars,"6,297"
https://www.amazon.in/ADISA-Laptop-Backpack-Office-College/dp/B09TPX22NF/ref=sr_1_7?crid=2M096C61O4MLT&keywords=bags&qid=1679396588&sprefix=ba%2Caps%2C283&sr=8-7,ADISA 15.6 inch Laptop Backpack Office Bag College Travel Back Pack 32 Ltrs (z-Navy Blue)  ,499,3.8 out of 5 stars,566
https://www.amazon.in/Amazon-Brand-Presto-Oxo-Biodegradable-Garbage/dp/B0821PN8L4/ref=sr_1_8?crid=2M096C61O4MLT&keywords=bags&qid=1679396588&sprefix=ba%2Caps%2C283&sr=8-8,"Amazon Brand - Presto! Oxo-Biodegradable Garbage Bags, Medium - 30 bags/roll (Pack of 6)  ",339,4.3 out of 5 stars,"30,116"
https://www.amazon.in/TRUE-HUMAN-Anti-Theft-backpack-charging/dp/B09QJ7ZF2Y/ref=sr_1_9?crid=2M096C61O4MLT&keywords=bags&qid=1679396588&sprefix=ba%2Caps%2C283&sr=8-9,TRUE HUMAN® Emperor Anti-Theft backpack With USB charging Port Laptop bag/Office bag/college bag/travel bag with anti -theft back pocket (LEGEND)  ,699,3.7 out of 5 stars,"1,826"
https://www.amazon.in/Half-Moon-Waterproof-Backpack-Students/dp/B085MHDJ93/ref=sr_1_10?crid=2M096C61O4MLT&keywords=bags&qid=1679396588&sprefix=ba%2Caps%2C283&sr=8-10,Half Moon 35 L Waterproof Laptop College School Office Bag Backpack for Men Women Boys Girls with 15.6 inch Padded Laptop Compartment & Rain Cover (Navy_Blue)  ,689,3.9 out of 5 stars,"15,248"
https://www.amazon.in/sspa/click?ie=UTF8&spc=MTo0NTg0MjgzODI1NTg3ODk0OjE2NzkzOTY1ODg6c3BfbXRmOjIwMTIxNDg5NjM4NDk4OjowOjo&url=%2FLOOKMUSTER-Waterproof-Backpack-College-Business%2Fdp%2FB0BS6YGKMC%2Fref%3Dsr_1_11_sspa%3Fcrid%3D2M096C61O4MLT%26keywords%3Dbags%26qid%3D1679396588%26sprefix%3Dba%252Caps%252C283%26sr%3D8-11-spons%26sp_csd%3Dd2lkZ2V0TmFtZT1zcF9tdGY%26psc%3D1,LOOKMUSTER Casual Waterproof Laptop Backpack/Office Bag/School Bag/College Bag/Business Bag/Travel Backpack  ,528,5.0 out of 5 stars,2
https://www.amazon.in/sspa/click?ie=UTF8&spc=MTo0NTg0MjgzODI1NTg3ODk0OjE2NzkzOTY1ODg6c3BfbXRmOjIwMTAwODU1MDk4NTk4OjowOjo&url=%2FFur-Jaden-resistant-Backpack-BM100_Brown%2Fdp%2FB07P5X6NSN%2Fref%3Dsr_1_12_sspa%3Fcrid%3D2M096C61O4MLT%26keywords%3Dbags%26qid%3D1679396588%26sprefix%3Dba%252Caps%252C283%26sr%3D8-12-spons%26sp_csd%3Dd2lkZ2V0TmFtZT1zcF9tdGY%26psc%3D1,FUR JADEN Vegan Leather 30L 15.6 Inch Laptop Backpack for Men Women for Office Professionals and College Students  ,889,4.2 out of 5 stars,"2,237"
https://www.amazon.in/GEAR-Black-Blue-Backpack-years/dp/B019HA8AYG/ref=sr_1_13?crid=2M096C61O4MLT&keywords=bags&qid=1679396588&sprefix=ba%2Caps%2C283&sr=8-13,Gear CarryOn 16L Foldable Water Resistant School Bag//Backpack/College Bag for Men/Women - Blue Black  ,214,3.7 out of 5 stars,"6,056"
https://www.amazon.in/Gear-Black-Laptop-Backpack-LBPASPIRE0104/dp/B075MK4TXP/ref=sr_1_14?crid=2M096C61O4MLT&keywords=bags&qid=1679396588&sprefix=ba%2Caps%2C283&sr=8-14,Gear Aspire 30L Water Restant Office Laptop Bag/Backpack for Men/Women/(Black)  ,"1,131",4.3 out of 5 stars,"5,161"
https://www.amazon.in/SAFARI-Ltrs-Casual-Backpack-DAYPACKNEO15CBSEB/dp/B07Q7CNPMV/ref=sr_1_15?crid=2M096C61O4MLT&keywords=bags&qid=1679396588&sprefix=ba%2Caps%2C283&sr=8-15,SAFARI 15 Ltrs Sea Blue Casual/School/College Backpack (DAYPACKNEO15CBSEB)  ,299,4.0 out of 5 stars,"18,009"
https://www.amazon.in/Rucksack-Travel-Backpack-Trekking-Compartment/dp/B07YDGQQN5/ref=sr_1_16?crid=2M096C61O4MLT&keywords=bags&qid=1679396588&sprefix=ba%2Caps%2C283&sr=8-16,"Fur Jaden 55 LTR Rucksack Travel Backpack Bag for Trekking, Hiking with Shoe Compartment  ",839,4.2 out of 5 stars,"4,957"
https://www.amazon.in/Northzone-Waterproof-Backpack-Business-Dimensions/dp/B0BS6QQZYN/ref=sr_1_17?crid=2M096C61O4MLT&keywords=bags&qid=1679396588&sprefix=ba%2Caps%2C283&sr=8-17,Northzone Casual Waterproof Laptop Backpack/Office Bag/School Bag/College Bag/Business Bag/Travel Backpack (Dimensions:13x18 inches) (Compatible with 39.62cm(15.6inch laptop) 30 L  ,510,3.8 out of 5 stars,85
https://www.amazon.in/Wesley-Milestone-Waterproof-Backpack-Business/dp/B085S444JV/ref=sr_1_18?crid=2M096C61O4MLT&keywords=bags&qid=1679396588&sprefix=ba%2Caps%2C283&sr=8-18,"Wesley Milestone 2.0 Casual Waterproof Laptop Backpack/Office Bag/School Bag/College Bag/Business Bag/Travel Backpack (Dimensions:13x18 inches) (Compatible with 39.62cm(15.6inch laptop) 30 L, Charcoal black  ",565,4.3 out of 5 stars,"9,794"
https://www.amazon.in/Half-Moon-Spacious-Backpack-Compartment/dp/B0BLVQ9NTD/ref=sr_1_19?crid=2M096C61O4MLT&keywords=bags&qid=1679396588&sprefix=ba%2Caps%2C283&sr=8-19,Half Moon Strike 35L Unisex Spacious School/Laptop/College/Office Travel Backpack Bag for Men Women Boys & Girls with 15.6 inch Padded Laptop Compartment & Multiple Pockets  ,699,3.7 out of 5 stars,115
https://www.amazon.in/Fur-Jaden-Black-Waterproof-Backpack/dp/B078GLXMDY/ref=sr_1_20?crid=2M096C61O4MLT&keywords=bags&qid=1679396588&sprefix=ba%2Caps%2C283&sr=8-20,Fur Jaden Anti Theft Backpack 15.6 Inch Laptop Bag with USB Charging Port  ,799,4.0 out of 5 stars,"10,754"
https://www.amazon.in/sspa/click?ie=UTF8&spc=MTo0NTg0MjgzODI1NTg3ODk0OjE2NzkzOTY1ODg6c3BfYnRmOjIwMDcyMzk1NTEyNzAyOjowOjo&url=%2FArtistix-Unisex-Travel-Backpack-Repellent%2Fdp%2FB09B5DMGM1%2Fref%3Dsr_1_21_sspa%3Fcrid%3D2M096C61O4MLT%26keywords%3Dbags%26qid%3D1679396588%26sprefix%3Dba%252Caps%252C283%26sr%3D8-21-spons%26sp_csd%3Dd2lkZ2V0TmFtZT1zcF9idGY%26psc%3D1,"Artistix Avian Unisex Water Repellent Anti Theft Travel Backpack with USB Port (Black, 32 L)  ","1,989",4.5 out of 5 stars,663
https://www.amazon.in/sspa/click?ie=UTF8&spc=MTo0NTg0MjgzODI1NTg3ODk0OjE2NzkzOTY1ODg6c3BfYnRmOjIwMTA1NDUxODUxNTk4OjowOjo&url=%2Fuppercase-Professional-Backpack-resistant-sustainable%2Fdp%2FB0BR1D4SL1%2Fref%3Dsr_1_22_sspa%3Fcrid%3D2M096C61O4MLT%26keywords%3Dbags%26qid%3D1679396588%26sprefix%3Dba%252Caps%252C283%26sr%3D8-22-spons%26sp_csd%3Dd2lkZ2V0TmFtZT1zcF9idGY%26psc%3D1,"uppercase Apex Professional Laptop Backpack (15.6 Inch) 3x more water resistant sustainable bags with rain proof zippers for Men, Women, Boys and Girls, 750 Days warranty  ","1,800",4.9 out of 5 stars,17
https://www.amazon.in/sspa/click?ie=UTF8&spc=MTo0NjY4OTUyNzA0NDM4NjA6MTY3OTM5NjU5MTpzcF9hdGZfbmV4dDoyMDEyMTQ4OTYzODQ5ODo6MDo6&url=%2FLOOKMUSTER-Waterproof-Backpack-College-Business%2Fdp%2FB0BS6YGKMC%2Fref%3Dsr_1_17_sspa%3Fcrid%3D2M096C61O4MLT%26keywords%3Dbags%26qid%3D1679396591%26sprefix%3Dba%252Caps%252C283%26sr%3D8-17-spons%26sp_csd%3Dd2lkZ2V0TmFtZT1zcF9hdGZfbmV4dA%26psc%3D1,LOOKMUSTER Casual Waterproof Laptop Backpack/Office Bag/School Bag/College Bag/Business Bag/Travel Backpack  ,528,5.0 out of 5 stars,2
https://www.amazon.in/sspa/click?ie=UTF8&spc=MTo0NjY4OTUyNzA0NDM4NjA6MTY3OTM5NjU5MTpzcF9hdGZfbmV4dDoyMDExMjA5NjMxNzU5ODo6MDo6&url=%2Fuppercase-Professional-Anti-theft-resistant-sustainable%2Fdp%2FB0BSH4H4DB%2Fref%3Dsr_1_18_sspa%3Fcrid%3D2M096C61O4MLT%26keywords%3Dbags%26qid%3D1679396591%26sprefix%3Dba%252Caps%252C283%26sr%3D8-18-spons%26sp_csd%3Dd2lkZ2V0TmFtZT1zcF9hdGZfbmV4dA%26psc%3D1,"uppercase Matrix Professional Anti-theft Laptop Backpack (15.6 Inch) 3x more water resistant sustainable bags with rain proof zippers for Men, Women, Boys and Girls, 750 Days warranty  ","2,300",4.2 out of 5 stars,12
https://www.amazon.in/American-Tourister-BACKPACK-COMPARTMENT-ORGANIZER/dp/B0BTD4FK9G/ref=sr_1_19?crid=2M096C61O4MLT&keywords=bags&qid=1679396591&sprefix=ba%2Caps%2C283&sr=8-19,"American Tourister VALEX BLUE LAPTOP BACKPACK 28 Ltrs,Volume, LAPTOP COMPARTMENT, BOTTLE POCKET, FRONT ORGANIZER  ","1,299",4.1 out of 5 stars,8
https://www.amazon.in/Northzone-Waterproof-Backpack-Business-Dimensions/dp/B0BS6QM2GD/ref=sr_1_20?crid=2M096C61O4MLT&keywords=bags&qid=1679396591&sprefix=ba%2Caps%2C283&sr=8-20,Northzone Casual Waterproof Laptop Backpack/Office Bag/School Bag/College Bag/Business Bag/Travel Backpack (Dimensions:13x18 inches) (Compatible with 39.62cm(15.6inch laptop) 30 L  ,535,3.8 out of 5 stars,85
https://www.amazon.in/Kleider-Travel-Business-Messenger-Shoulder/dp/B084ZHP97M/ref=sr_1_21?crid=2M096C61O4MLT&keywords=bags&qid=1679396591&sprefix=ba%2Caps%2C283&sr=8-21,DEIN KLEIDER Men's Nylon Messenger Bag  ,349,4.0 out of 5 stars,"4,564"
https://www.amazon.in/Gear-Classic-Leather-Backpack-LBPCLSLTH0201/dp/B07G4F6XFH/ref=sr_1_22?crid=2M096C61O4MLT&keywords=bags&qid=1679396591&sprefix=ba%2Caps%2C283&sr=8-22,Gear Classic 20L Faux Leather Water Resistant Anti Theft Laptop Bag/Backpack for Men/Women-Brown  ,"1,075",4.4 out of 5 stars,"5,454"
https://www.amazon.in/ADISA-Laptop-Backpack-Office-College/dp/B0BPVLXD53/ref=sr_1_23?crid=2M096C61O4MLT&keywords=bags&qid=1679396591&sprefix=ba%2Caps%2C283&sr=8-23,ADISA 35L Large Laptop Backpack Office Bag College Travel Back Pack with rain Cover (Grey)  ,599,4.0 out of 5 stars,31
https://www.amazon.in/ADISA-Laptop-Backpack-Office-College/dp/B0BPVCBFM7/ref=sr_1_24?crid=2M096C61O4MLT&keywords=bags&qid=1679396591&sprefix=ba%2Caps%2C283&sr=8-24,ADISA 35L Large Laptop Backpack Office Bag College Travel Back Pack with rain Cover (Green)  ,599,4.0 out of 5 stars,31
https://www.amazon.in/Wesley-Spartan-Hiking-Raincover-Organiser/dp/B098QFF5TJ/ref=sr_1_25?crid=2M096C61O4MLT&keywords=bags&qid=1679396591&sprefix=ba%2Caps%2C283&sr=8-25,Wesley Spartan Unisex Travel Hiking Laptop Bag fits Upto 17.3 inch with Raincover and Internal Organiser Backpack Rucksack College Bag  ,790,4.1 out of 5 stars,"1,044"
https://www.amazon.in/Safari-Backpack-Resistant-Polyester-Travelling/dp/B09B29F66W/ref=sr_1_26?crid=2M096C61O4MLT&keywords=bags&qid=1679396591&sprefix=ba%2Caps%2C283&sr=8-26,"Safari Flash Casual Backpack, 26 ltr Water Resistant Travel Bags| Weight Polyester Bagpack for Men and Women, Spacious Shoulder Bag for College, Office, Travelling and Camping  ",799,3.9 out of 5 stars,"2,428"
https://www.amazon.in/sspa/click?ie=UTF8&spc=MTo0NjY4OTUyNzA0NDM4NjA6MTY3OTM5NjU5MTpzcF9tdGY6MjAxMTc3OTU4NzY5OTg6OjA6Og&url=%2FMOKOBARA-TSBPK12CND22001-Backpack-Modern-Love%2Fdp%2FB08T1769X9%2Fref%3Dsr_1_27_sspa%3Fcrid%3D2M096C61O4MLT%26keywords%3Dbags%26qid%3D1679396591%26sprefix%3Dba%252Caps%252C283%26sr%3D8-27-spons%26sp_csd%3Dd2lkZ2V0TmFtZT1zcF9tdGY%26psc%3D1,"MOKOBARA Backpack 15.5"" Inch Laptop Backpack For Women (16 litres ) Improved (2022 - Model)  ","4,499",4.3 out of 5 stars,152
https://www.amazon.in/sspa/click?ie=UTF8&spc=MTo0NjY4OTUyNzA0NDM4NjA6MTY3OTM5NjU5MTpzcF9tdGY6MjAxMjE5NzIyNjA0OTg6OjA6Og&url=%2FEUME-Propine-Massager-Backpack-Charging%2Fdp%2FB07XG935R9%2Fref%3Dsr_1_28_sspa%3Fcrid%3D2M096C61O4MLT%26keywords%3Dbags%26qid%3D1679396591%26sprefix%3Dba%252Caps%252C283%26sr%3D8-28-spons%26sp_csd%3Dd2lkZ2V0TmFtZT1zcF9tdGY%26psc%3D1%26smid%3DAPBFC7AMQ4Q38,"EUME Propine Laptop Backpack | Built-in Massager, Water Resistant & Anti-Theft | Fits Up-to 15.6"" MacBook (Melange, 22L)  ","3,499",4.1 out of 5 stars,45
https://www.amazon.in/ADISA-Laptop-Backpack-Office-College/dp/B0BPTV3795/ref=sr_1_29?crid=2M096C61O4MLT&keywords=bags&qid=1679396591&sprefix=ba%2Caps%2C283&sr=8-29,ADISA 35L Large Laptop Backpack Office Bag College Travel Back Pack with rain Cover (Black)  ,599,4.0 out of 5 stars,31
https://www.amazon.in/Genie-Glitter-Backpack-Women-compartments/dp/B097JHQH13/ref=sr_1_30?crid=2M096C61O4MLT&keywords=bags&qid=1679396591&sprefix=ba%2Caps%2C283&sr=8-30,"Genie Glitter Backpack for Women - 3 compartments, Laptop Bags for Girls, Stylish and Trendy College Backpacks for Girls, Water Resistant and Lightweight Bags for Office and Travelling Purpose.  ","1,099",4.3 out of 5 stars,388
https://www.amazon.in/Wesley-Milestone-Waterproof-Backpack-Business/dp/B07PLKV6D1/ref=sr_1_31?crid=2M096C61O4MLT&keywords=bags&qid=1679396591&sprefix=ba%2Caps%2C283&sr=8-31,Wesley Milestone 15.6 inch 25 L Casual Waterproof Laptop Backpack/Office Bag/School Bag/College Bag/Business Bag/Unisex Travel Backpack  ,473,4.3 out of 5 stars,"12,341"
https://www.amazon.in/POLESTAR-Vintage-Laptop-Backpack-bagpack/dp/B081GSQ9D9/ref=sr_1_32?crid=2M096C61O4MLT&keywords=bags&qid=1679396591&sprefix=ba%2Caps%2C283&sr=8-32,"POLESTAR Vintage 15.6 inch 32 LTR Casual Laptop Backpack/Office Bag/School Bag/College Bag/Business Bag/Unisex Backpack , Water Resistant and Light Weight, 1 year Warranty  ",549,3.9 out of 5 stars,"8,530"
https://www.amazon.in/Backpack-Small-Black-Water-Repellant/dp/B088XB5XY8/ref=sr_1_33?crid=2M096C61O4MLT&keywords=bags&qid=1679396591&sprefix=ba%2Caps%2C283&sr=8-33,"Mi Step Out 12 L Mini Backpack (Small Size, Black, Water Repellant)  ",398,4.1 out of 5 stars,"8,155"
https://www.amazon.in/Safari-Laptop-Backpack-Resistant-Fabric/dp/B09B25Z8M2/ref=sr_1_34?crid=2M096C61O4MLT&keywords=bags&qid=1679396591&sprefix=ba%2Caps%2C283&sr=8-34,"Safari Quill Laptop Backpack 26 Ltrs Water Resistant Fabric - Black, L (QUILL19CBBLK)  ",799,3.9 out of 5 stars,715
https://www.amazon.in/Step-Backpack-Small-Water-Repellant/dp/B088XH1BP7/ref=sr_1_35?crid=2M096C61O4MLT&keywords=bags&qid=1679396591&sprefix=ba%2Caps%2C283&sr=8-35,"Mi Step Out 12 L Mini Backpack (Small Size, Dark Blue, Water Repellant)  ",299,4.1 out of 5 stars,"8,155"
https://www.amazon.in/Wesley-Milestone-Waterproof-Backpack-Business/dp/B07K8KLB3P/ref=sr_1_36?crid=2M096C61O4MLT&keywords=bags&qid=1679396591&sprefix=ba%2Caps%2C283&sr=8-36,"Wesley Unisex Milestone Casual Waterproof Laptop Office School College Business Travel Backpack 25 L (Dimensions: 12.5x18 inches) (Compatible with 15.6 inch laptops), Navy Blue  ",448,4.3 out of 5 stars,"12,341"
https://www.amazon.in/sspa/click?ie=UTF8&spc=MTo0NjY4OTUyNzA0NDM4NjA6MTY3OTM5NjU5MTpzcF9idGY6MjAxMDU0NTE4NTE1OTg6OjA6Og&url=%2Fuppercase-Professional-Backpack-resistant-sustainable%2Fdp%2FB0BR1D4SL1%2Fref%3Dsr_1_37_sspa%3Fcrid%3D2M096C61O4MLT%26keywords%3Dbags%26qid%3D1679396591%26sprefix%3Dba%252Caps%252C283%26sr%3D8-37-spons%26sp_csd%3Dd2lkZ2V0TmFtZT1zcF9idGY%26psc%3D1,"uppercase Apex Professional Laptop Backpack (15.6 Inch) 3x more water resistant sustainable bags with rain proof zippers for Men, Women, Boys and Girls, 750 Days warranty  ","1,800",4.9 out of 5 stars,17
https://www.amazon.in/sspa/click?ie=UTF8&spc=MTo0NjY4OTUyNzA0NDM4NjA6MTY3OTM5NjU5MTpzcF9idGY6MjAxMjQzMTEwMjQ4OTg6OjA6Og&url=%2Fuppercase-Backpack-2300EBP1-resistant-sustainable%2Fdp%2FB0BWNCV31F%2Fref%3Dsr_1_38_sspa%3Fcrid%3D2M096C61O4MLT%26keywords%3Dbags%26qid%3D1679396591%26sprefix%3Dba%252Caps%252C283%26sr%3D8-38-spons%26sp_csd%3Dd2lkZ2V0TmFtZT1zcF9idGY%26psc%3D1,"uppercase Medium 17 Ltrs Vegan Leather (upto 14 inch) Laptop Backpack 2300EBP1 3x more water resistant sustainable bags with rain proof zippers for Men, Women, Boys and Girls, 750 Days warranty  ","1,600",4.0 out of 5 stars,373
https://www.amazon.in/sspa/click?ie=UTF8&spc=MToyMDk2MTE1OTExNjE2MzA5OjE2NzkzOTY1OTQ6c3BfYXRmX25leHQ6MjAxMjE0ODk2Mzg0OTg6OjA6Og&url=%2FLOOKMUSTER-Waterproof-Backpack-College-Business%2Fdp%2FB0BS6YGKMC%2Fref%3Dsr_1_33_sspa%3Fcrid%3D2M096C61O4MLT%26keywords%3Dbags%26qid%3D1679396594%26sprefix%3Dba%252Caps%252C283%26sr%3D8-33-spons%26sp_csd%3Dd2lkZ2V0TmFtZT1zcF9hdGZfbmV4dA%26psc%3D1,LOOKMUSTER Casual Waterproof Laptop Backpack/Office Bag/School Bag/College Bag/Business Bag/Travel Backpack  ,528,5.0 out of 5 stars,2
https://www.amazon.in/sspa/click?ie=UTF8&spc=MToyMDk2MTE1OTExNjE2MzA5OjE2NzkzOTY1OTQ6c3BfYXRmX25leHQ6MjAxMjE5NzIyNjA0OTg6OjA6Og&url=%2FEUME-Propine-Massager-Backpack-Charging%2Fdp%2FB07XG935R9%2Fref%3Dsr_1_34_sspa%3Fcrid%3D2M096C61O4MLT%26keywords%3Dbags%26qid%3D1679396594%26sprefix%3Dba%252Caps%252C283%26sr%3D8-34-spons%26sp_csd%3Dd2lkZ2V0TmFtZT1zcF9hdGZfbmV4dA%26psc%3D1%26smid%3DAPBFC7AMQ4Q38,"EUME Propine Laptop Backpack | Built-in Massager, Water Resistant & Anti-Theft | Fits Up-to 15.6"" MacBook (Melange, 22L)  ","3,499",4.1 out of 5 stars,45
https://www.amazon.in/Nivia-6853BKGR-Polyester-Black-Grey/dp/B07NLB6FRS/ref=sr_1_35?crid=2M096C61O4MLT&keywords=bags&qid=1679396594&sprefix=ba%2Caps%2C283&sr=8-35,NIVIA Basic Duffle Polyester Bag/Gym Bags/Adjustable Shoulder Bag for Men/Duffle Gym Bags for Men/Fitness Bag/Carry Bags/Sports & Travel Bag/Sports Kit/Duffle Bags Travel  ,239,4.0 out of 5 stars,"3,114"
https://www.amazon.in/Wesley-Milestone-Waterproof-Backpack-Business/dp/B07K8KLB3P/ref=sr_1_36?crid=2M096C61O4MLT&keywords=bags&qid=1679396594&sprefix=ba%2Caps%2C283&sr=8-36,"Wesley Unisex Milestone Casual Waterproof Laptop Office School College Business Travel Backpack 25 L (Dimensions: 12.5x18 inches) (Compatible with 15.6 inch laptops), Navy Blue  ",448,4.3 out of 5 stars,"12,341"
https://www.amazon.in/Lenovo-15-6-Inches-Everyday-Backpack/dp/B08R7RPVJF/ref=sr_1_37?crid=2M096C61O4MLT&keywords=bags&qid=1679396594&sprefix=ba%2Caps%2C283&sr=8-37,"Lenovo 15.6"" (39.62cm) Slim Everyday Backpack, Made in India, Compact, Water-resistant, Organized storage:Laptop sleeve,tablet pocket,front workstation,2-side pockets,Padded adjustable shoulder straps  ",652,4.4 out of 5 stars,"2,724"
https://www.amazon.in/F-Gear-Luxur-Brown-Backpack/dp/B01F7AX9ZA/ref=sr_1_38?crid=2M096C61O4MLT&keywords=bags&qid=1679396594&sprefix=ba%2Caps%2C283&sr=8-38,F Gear Luxur Brown 25 liter Laptop Backpack (2404)  ,"1,032",4.4 out of 5 stars,"16,463"
https://www.amazon.in/Safari-Laptop-Backpack-Resistant-Fabric/dp/B09B28TKLG/ref=sr_1_39?crid=2M096C61O4MLT&keywords=bags&qid=1679396594&sprefix=ba%2Caps%2C283&sr=8-39,"Safari Quill Laptop Backpack 26 Ltrs Water Resistant Fabric - Blue, L (QUILL19CBBLU)  ",799,4.1 out of 5 stars,493
https://www.amazon.in/Half-Moon-Backpack-Luggage-Compartment/dp/B09VCLZ3K4/ref=sr_1_40?crid=2M096C61O4MLT&keywords=bags&qid=1679396594&sprefix=ba%2Caps%2C283&sr=8-40,Half Moon Large 37L Laptop Bag Backpack for menं Women Boys and Girls Luggage Travel Bags with 17.3 inches Laptop Compartment & Rain Cover  ,849,3.9 out of 5 stars,"2,340"
https://www.amazon.in/Tabelito-Laptop-Backpack-15-6-inch-Repellent/dp/B08Y5S6C2P/ref=sr_1_41?crid=2M096C61O4MLT&keywords=bags&qid=1679396594&sprefix=ba%2Caps%2C283&sr=8-41,"Tabelito® Casual Laptop Bag 15.6inch (39.6 cm) , 25 LTR Office College School Bags Business Travel Backpack for Men Women Water Resistant Bags(BLACK)  ",549,4.2 out of 5 stars,"1,597"
https://www.amazon.in/ADISA-BP005-Weight-Casual-Backpack/dp/B07F3X45WZ/ref=sr_1_42?crid=2M096C61O4MLT&keywords=bags&qid=1679396594&sprefix=ba%2Caps%2C283&sr=8-42,ADISA Light Weight Laptop Backpack 32 Ltrs  ,499,4.0 out of 5 stars,"5,646"
https://www.amazon.in/sspa/click?ie=UTF8&spc=MToyMDk2MTE1OTExNjE2MzA5OjE2NzkzOTY1OTQ6c3BfbXRmOjIwMTE3Nzk1ODc2OTk4OjowOjo&url=%2FMOKOBARA-TSBPK12CND22001-Backpack-Modern-Love%2Fdp%2FB08T1769X9%2Fref%3Dsr_1_43_sspa%3Fcrid%3D2M096C61O4MLT%26keywords%3Dbags%26qid%3D1679396594%26sprefix%3Dba%252Caps%252C283%26sr%3D8-43-spons%26sp_csd%3Dd2lkZ2V0TmFtZT1zcF9tdGY%26psc%3D1,"MOKOBARA Backpack 15.5"" Inch Laptop Backpack For Women (16 litres ) Improved (2022 - Model)  ","4,499",4.3 out of 5 stars,152
https://www.amazon.in/sspa/click?ie=UTF8&spc=MToyMDk2MTE1OTExNjE2MzA5OjE2NzkzOTY1OTQ6c3BfbXRmOjIwMTI0MzExMDI0ODk4OjowOjo&url=%2Fuppercase-Backpack-2300EBP1-resistant-sustainable%2Fdp%2FB0BWNCV31F%2Fref%3Dsr_1_44_sspa%3Fcrid%3D2M096C61O4MLT%26keywords%3Dbags%26qid%3D1679396594%26sprefix%3Dba%252Caps%252C283%26sr%3D8-44-spons%26sp_csd%3Dd2lkZ2V0TmFtZT1zcF9tdGY%26psc%3D1,"uppercase Medium 17 Ltrs Vegan Leather (upto 14 inch) Laptop Backpack 2300EBP1 3x more water resistant sustainable bags with rain proof zippers for Men, Women, Boys and Girls, 750 Days warranty  ","1,600",4.0 out of 5 stars,373
https://www.amazon.in/F-Gear-Enzo-Black-Blue-Waist-Bag/dp/B0862LXJYT/ref=sr_1_45?crid=2M096C61O4MLT&keywords=bags&qid=1679396594&sprefix=ba%2Caps%2C283&sr=8-45,F Gear Enzo Sports Waist Bag (.Black Blue)  ,200,4.2 out of 5 stars,"1,111"
https://www.amazon.in/Genie-Black-School-Backpack-LUSH19SBBLK/dp/B07QHLBBPM/ref=sr_1_46?crid=2M096C61O4MLT&keywords=bags&qid=1679396594&sprefix=ba%2Caps%2C283&sr=8-46,"Genie Lush School Bag for Girls, 17 inch Backpack for Women, 3 compartments Water Resistant Stylish and Trendy College Backpacks for Girls  ",955,4.1 out of 5 stars,"1,431"
https://www.amazon.in/Zipline-Nexa-Resistant-Bagpack-Backpack/dp/B08WQ668WJ/ref=sr_1_47?crid=2M096C61O4MLT&keywords=bags&qid=1679396594&sprefix=ba%2Caps%2C283&sr=8-47,Zipline Unisex Casual Polyester 36 L Backpack School Bag Women Men Boys Girls Children Daypack College Bag Book School Sports Bag  ,843,3.7 out of 5 stars,739
https://www.amazon.in/AirCase-C34-Laptop-Backpack-Women/dp/B07QN4KXWG/ref=sr_1_48?crid=2M096C61O4MLT&keywords=bags&qid=1679396594&sprefix=ba%2Caps%2C283&sr=8-48,"AirCase Laptop Bag Backpack Case Pouch for Laptop Backpack for Men & Women,Premium Vegan Leather  ",929,3.9 out of 5 stars,751
https://www.amazon.in/American-Tourister-AMT-SCH-BAG01/dp/B07CJCFNZG/ref=sr_1_49?crid=2M096C61O4MLT&keywords=bags&qid=1679396594&sprefix=ba%2Caps%2C283&sr=8-49,American Tourister Casual Backpack  ,"1,139",4.1 out of 5 stars,"14,461"
https://www.amazon.in/Puma-76855-teamGOAL-Backpack-Core/dp/B07XJPLL27/ref=sr_1_50?crid=2M096C61O4MLT&keywords=bags&qid=1679396594&sprefix=ba%2Caps%2C283&sr=8-50,Puma Unisex teamGOAL 23 Backpack Core Black X  ,939,4.3 out of 5 stars,"2,620"
https://www.amazon.in/Nivia-5183-Polyester-Duffle-Medium/dp/B071KNXQ7Y/ref=sr_1_51?crid=2M096C61O4MLT&keywords=bags&qid=1679396594&sprefix=ba%2Caps%2C283&sr=8-51,NIVIA Beast Gym Bag-4 Polyester/Unisex Gym Bags/Shoulder Bag for Men & Women with Separate Shoes Compartment/Carry Gym Accessories/Fitness Bag/Sports & Travel Bag/Sports Kit  ,529,4.2 out of 5 stars,"3,762"
https://www.amazon.in/TRUE-HUMAN-Anti-Theft-charging-combination/dp/B09H7PK5ML/ref=sr_1_52?crid=2M096C61O4MLT&keywords=bags&qid=1679396594&sprefix=ba%2Caps%2C283&sr=8-52,TRUE HUMAN® Anti-Theft backpack with USB charging port and combination Number lock Laptop bag/office bag/travel bag for men and women  ,699,3.8 out of 5 stars,"1,698"
https://www.amazon.in/sspa/click?ie=UTF8&spc=MToyMDk2MTE1OTExNjE2MzA5OjE2NzkzOTY1OTQ6c3BfYnRmOjIwMTA1NDUxODUxNTk4OjowOjo&url=%2Fuppercase-Professional-Backpack-resistant-sustainable%2Fdp%2FB0BR1D4SL1%2Fref%3Dsr_1_53_sspa%3Fcrid%3D2M096C61O4MLT%26keywords%3Dbags%26qid%3D1679396594%26sprefix%3Dba%252Caps%252C283%26sr%3D8-53-spons%26sp_csd%3Dd2lkZ2V0TmFtZT1zcF9idGY%26psc%3D1,"uppercase Apex Professional Laptop Backpack (15.6 Inch) 3x more water resistant sustainable bags with rain proof zippers for Men, Women, Boys and Girls, 750 Days warranty  ","1,800",4.9 out of 5 stars,17
https://www.amazon.in/sspa/click?ie=UTF8&spc=MToyMDk2MTE1OTExNjE2MzA5OjE2NzkzOTY1OTQ6c3BfYnRmOjIwMTEzNzg4MTc1MTk4OjowOjo&url=%2FHEROZ-Backpack-Resistant-Durable-Notebook%2Fdp%2FB08BYQZYYC%2Fref%3Dsr_1_54_sspa%3Fcrid%3D2M096C61O4MLT%26keywords%3Dbags%26qid%3D1679396594%26sprefix%3Dba%252Caps%252C283%26sr%3D8-54-spons%26sp_csd%3Dd2lkZ2V0TmFtZT1zcF9idGY%26psc%3D1,HEROZ Hammer Unisex Nylon 45 L Travel Laptop Backpack Water Resistant Slim Durable Fits Up to 17.3 Inch Laptop Notebook (All) (Navy Blue & Sky Blue)  ,"1,349",4.3 out of 5 stars,"7,733"
https://www.amazon.in/sspa/click?ie=UTF8&spc=MToxNDk4MTYwODgzMDEyMDA4OjE2NzkzOTY1OTc6c3BfYXRmX25leHQ6MjAxMTc3OTU4NzY5OTg6OjA6Og&url=%2FMOKOBARA-TSBPK12CND22001-Backpack-Modern-Love%2Fdp%2FB08T1769X9%2Fref%3Dsr_1_49_sspa%3Fcrid%3D2M096C61O4MLT%26keywords%3Dbags%26qid%3D1679396597%26sprefix%3Dba%252Caps%252C283%26sr%3D8-49-spons%26sp_csd%3Dd2lkZ2V0TmFtZT1zcF9hdGZfbmV4dA%26psc%3D1,"MOKOBARA Backpack 15.5"" Inch Laptop Backpack For Women (16 litres ) Improved (2022 - Model)  ","4,499",4.3 out of 5 stars,152
https://www.amazon.in/sspa/click?ie=UTF8&spc=MToxNDk4MTYwODgzMDEyMDA4OjE2NzkzOTY1OTc6c3BfYXRmX25leHQ6MjAxMjQzMTEwMjQ4OTg6OjA6Og&url=%2Fuppercase-Backpack-2300EBP1-resistant-sustainable%2Fdp%2FB0BWNCV31F%2Fref%3Dsr_1_50_sspa%3Fcrid%3D2M096C61O4MLT%26keywords%3Dbags%26qid%3D1679396597%26sprefix%3Dba%252Caps%252C283%26sr%3D8-50-spons%26sp_csd%3Dd2lkZ2V0TmFtZT1zcF9hdGZfbmV4dA%26psc%3D1,"uppercase Medium 17 Ltrs Vegan Leather (upto 14 inch) Laptop Backpack 2300EBP1 3x more water resistant sustainable bags with rain proof zippers for Men, Women, Boys and Girls, 750 Days warranty  ","1,600",4.0 out of 5 stars,373
https://www.amazon.in/BennettTM-Shoulder-Messenger-Repellent-Charcoal/dp/B09CV24TMK/ref=sr_1_51?crid=2M096C61O4MLT&keywords=bags&qid=1679396597&sprefix=ba%2Caps%2C283&sr=8-51,Bennett™ Mystic Unisex Adult Men's Laptop Bag 15.6 inch Side Shoulder Briefcase Satchel Messenger Business Bags for Men & Women Front Pocket for Laptop Accessories - Black (6 Month Warranty)  ,512,4.1 out of 5 stars,"5,212"
https://www.amazon.in/Hilfiger-Joshua-Backpack-TH-JOSHUALAP01/dp/B07N8GRWTZ/ref=sr_1_52?crid=2M096C61O4MLT&keywords=bags&qid=1679396597&sprefix=ba%2Caps%2C283&sr=8-52,Tommy Hilfiger Joshua 15 inch 21 Ltrs Light Grey Laptop Backpack (TH/JOSHUALAP07)  ,"2,239",3.9 out of 5 stars,399
https://www.amazon.in/Dell-Pro-Slim-Backpack-15/dp/B07PMQTB6T/ref=sr_1_53?crid=2M096C61O4MLT&keywords=bags&qid=1679396597&sprefix=ba%2Caps%2C283&sr=8-53,"Dell Pro Slim Backpack 15 - PO1520PS - Fits Most laptops up to 38.1 cm (15 inches, Black)  ","1,599",4.3 out of 5 stars,397
https://www.amazon.in/Half-Moon-Waterproof-Laptop-Backpack/dp/B09QM9N1B3/ref=sr_1_54?crid=2M096C61O4MLT&keywords=bags&qid=1679396597&sprefix=ba%2Caps%2C283&sr=8-54,Half Moon 30L Waterproof 15.6 inch Laptop Office School College Bag Backpack for Men Women Boys & Girls  ,589,3.6 out of 5 stars,361
https://www.amazon.in/HEROZ-Backpack-Resistant-Computer-17-3-inch/dp/B083N3DCTM/ref=sr_1_55?crid=2M096C61O4MLT&keywords=bags&qid=1679396597&sprefix=ba%2Caps%2C283&sr=8-55,HEROZ Hacker 50 litres Nylon Travel Laptop Backpack Water Resistant Slim Durable Computer Book Bag Tracking Fits Up to 17.3-inch Laptop (058- ALL) (Navy Blue)  ,"1,439",4.1 out of 5 stars,"3,717"
https://www.amazon.in/F-Gear-Raider-Marpat-Navy-Backpack/dp/B07F1157TV/ref=sr_1_56?crid=2M096C61O4MLT&keywords=bags&qid=1679396597&sprefix=ba%2Caps%2C283&sr=8-56,F Gear Raider 30 Liter Backpack with Rain Cover (.Marpat Navy Digital Camo)  ,713,4.2 out of 5 stars,"2,914"
https://www.amazon.in/Storage-Disposable-Freezer-Feeding-Transparent/dp/B099ZVTNCP/ref=sr_1_57?crid=2M096C61O4MLT&keywords=bags&qid=1679396597&sprefix=ba%2Caps%2C283&sr=8-57,"Luv Lap Baby Breast Milk Storage Bags (Pack of 50), BPA Free Disposable Milk Freezer Bags for Breast Feeding, Transparent  ",569,4.4 out of 5 stars,561
https://www.amazon.in/ASTRID-Womens-Round-Sling-Pompoms/dp/B08VS8JBNK/ref=sr_1_58?crid=2M096C61O4MLT&keywords=bags&qid=1679396597&sprefix=ba%2Caps%2C283&sr=8-58,ASTRID Women's Round Sling Bag with Pompoms (Brown)  ,474,4.4 out of 5 stars,346
https://www.amazon.in/sspa/click?ie=UTF8&spc=MToxNDk4MTYwODgzMDEyMDA4OjE2NzkzOTY1OTc6c3BfbXRmOjIwMTIxOTcyMjYwNDk4OjowOjo&url=%2FEUME-Propine-Massager-Backpack-Charging%2Fdp%2FB07XG935R9%2Fref%3Dsr_1_59_sspa%3Fcrid%3D2M096C61O4MLT%26keywords%3Dbags%26qid%3D1679396597%26sprefix%3Dba%252Caps%252C283%26sr%3D8-59-spons%26sp_csd%3Dd2lkZ2V0TmFtZT1zcF9tdGY%26psc%3D1%26smid%3DAPBFC7AMQ4Q38,"EUME Propine Laptop Backpack | Built-in Massager, Water Resistant & Anti-Theft | Fits Up-to 15.6"" MacBook (Melange, 22L)  ","3,499",4.1 out of 5 stars,45
https://www.amazon.in/sspa/click?ie=UTF8&spc=MToxNDk4MTYwODgzMDEyMDA4OjE2NzkzOTY1OTc6c3BfbXRmOjIwMTAwODU1MDk4NTk4OjowOjo&url=%2FFur-Jaden-resistant-Backpack-BM100_Brown%2Fdp%2FB07P5X6NSN%2Fref%3Dsr_1_60_sspa%3Fcrid%3D2M096C61O4MLT%26keywords%3Dbags%26qid%3D1679396597%26sprefix%3Dba%252Caps%252C283%26sr%3D8-60-spons%26sp_csd%3Dd2lkZ2V0TmFtZT1zcF9tdGY%26psc%3D1,FUR JADEN Vegan Leather 30L 15.6 Inch Laptop Backpack for Men Women for Office Professionals and College Students  ,889,4.2 out of 5 stars,"2,237"
https://www.amazon.in/DZert-Fabric-Multicolour-Spiderman-Printed/dp/B07BNS3KNX/ref=sr_1_61?crid=2M096C61O4MLT&keywords=bags&qid=1679396597&sprefix=ba%2Caps%2C283&sr=8-61,DZert Kids School Bag Soft Plush Backpacks Cartoon Boys Girls Baby (2-5 Years)  ,239,3.8 out of 5 stars,"1,399"
https://www.amazon.in/TRAWOC-Backpack-Trekking-Rucksack-Warranty/dp/B0847PGZZM/ref=sr_1_62?crid=2M096C61O4MLT&keywords=bags&qid=1679396597&sprefix=ba%2Caps%2C283&sr=8-62,TRAWOC 80L Travel Backpack for Men & Women Outdoor Sport Camp Hiking Trekking Bag Camping Rucksack  ,"2,380",4.4 out of 5 stars,"6,925"
https://www.amazon.in/TRUE-HUMAN-Anti-Theft-backpack-combination/dp/B09VCHV6T5/ref=sr_1_63?crid=2M096C61O4MLT&keywords=bags&qid=1679396597&sprefix=ba%2Caps%2C283&sr=8-63,"TRUE HUMAN Emperor Anti-Theft With Number Lock 32 Ltrs Backpack,Laptop bag (Black)  ",649,3.7 out of 5 stars,699
https://www.amazon.in/Lenovo-Carrying-15-6-Inch-Toploader-GX40Q17229/dp/B075Y6Y9H5/ref=sr_1_64?crid=2M096C61O4MLT&keywords=bags&qid=1679396597&sprefix=ba%2Caps%2C283&sr=8-64,Lenovo Casual Laptop Briefcase T210 (Toploader) 39.62 cm (15.6-inch) Water Repellent Black  ,799,4.2 out of 5 stars,"54,726"
https://www.amazon.in/Bagneeds-Synthetic-Leather-Briefcase-Messenger/dp/B0855F8174/ref=sr_1_65?crid=2M096C61O4MLT&keywords=bags&qid=1679396597&sprefix=ba%2Caps%2C283&sr=8-65,Bagneeds Men's Black Synthetic Leather Briefcase Best Laptop Messenger Bag Satchel for Men  ,664,4.1 out of 5 stars,"3,846"
https://www.amazon.in/SBCOLLECTION-Premium-Backpack-Water-Resistance-Business/dp/B0BXL5B1J4/ref=sr_1_66?crid=2M096C61O4MLT&keywords=bags&qid=1679396597&sprefix=ba%2Caps%2C283&sr=8-66,SBCOLLECTION Premium School College Office Laptop Daily Use Backpack for All Day Traveler  ,229,4.5 out of 5 stars,3
https://www.amazon.in/Half-Moon-Backpack-Compartment-Reflective/dp/B0BJ32LQ6X/ref=sr_1_67?crid=2M096C61O4MLT&keywords=bags&qid=1679396597&sprefix=ba%2Caps%2C283&sr=8-67,Half Moon Large 37L Laptop Bag Backpack for menं Women Boys and Girls Luggage Travel Bags with 17.3 inches Laptop Compartment & Rain Cover  ,849,3.9 out of 5 stars,"2,340"
https://www.amazon.in/TRUE-HUMAN%C2%AE-Laptop-Backpack-College/dp/B0BKTQ48D5/ref=sr_1_68?crid=2M096C61O4MLT&keywords=bags&qid=1679396597&sprefix=ba%2Caps%2C283&sr=8-68,TRUE HUMAN® 32 Ltr Laptop Backpack for Men and Women| USB Port Travel Backpack|College Bags for Girls & Boys (Blue)  ,599,3.7 out of 5 stars,135
https://www.amazon.in/sspa/click?ie=UTF8&spc=MToxNDk4MTYwODgzMDEyMDA4OjE2NzkzOTY1OTc6c3BfYnRmOjIwMTA1NDUxODUxNTk4OjowOjo&url=%2Fuppercase-Professional-Backpack-resistant-sustainable%2Fdp%2FB0BR1D4SL1%2Fref%3Dsr_1_69_sspa%3Fcrid%3D2M096C61O4MLT%26keywords%3Dbags%26qid%3D1679396597%26sprefix%3Dba%252Caps%252C283%26sr%3D8-69-spons%26sp_csd%3Dd2lkZ2V0TmFtZT1zcF9idGY%26psc%3D1,"uppercase Apex Professional Laptop Backpack (15.6 Inch) 3x more water resistant sustainable bags with rain proof zippers for Men, Women, Boys and Girls, 750 Days warranty  ","1,800",4.9 out of 5 stars,17
https://www.amazon.in/sspa/click?ie=UTF8&spc=MToxNDk4MTYwODgzMDEyMDA4OjE2NzkzOTY1OTc6c3BfYnRmOjIwMTEzNzg4MTc1MTk4OjowOjo&url=%2FHEROZ-Backpack-Resistant-Durable-Notebook%2Fdp%2FB08BYQZYYC%2Fref%3Dsr_1_70_sspa%3Fcrid%3D2M096C61O4MLT%26keywords%3Dbags%26qid%3D1679396597%26sprefix%3Dba%252Caps%252C283%26sr%3D8-70-spons%26sp_csd%3Dd2lkZ2V0TmFtZT1zcF9idGY%26psc%3D1,HEROZ Hammer Unisex Nylon 45 L Travel Laptop Backpack Water Resistant Slim Durable Fits Up to 17.3 Inch Laptop Notebook (All) (Navy Blue & Sky Blue)  ,"1,349",4.3 out of 5 stars,"7,733"
https://www.amazon.in/sspa/click?ie=UTF8&spc=MTozOTIyMzU3MzA3MzQ4NzQ1OjE2NzkzOTY2MDA6c3BfYXRmX25leHQ6MjAxMjE0ODk2Mzg0OTg6OjA6Og&url=%2FLOOKMUSTER-Waterproof-Backpack-College-Business%2Fdp%2FB0BS6YGKMC%2Fref%3Dsr_1_65_sspa%3Fcrid%3D2M096C61O4MLT%26keywords%3Dbags%26qid%3D1679396600%26sprefix%3Dba%252Caps%252C283%26sr%3D8-65-spons%26sp_csd%3Dd2lkZ2V0TmFtZT1zcF9hdGZfbmV4dA%26psc%3D1,LOOKMUSTER Casual Waterproof Laptop Backpack/Office Bag/School Bag/College Bag/Business Bag/Travel Backpack  ,528,5.0 out of 5 stars,2
https://www.amazon.in/sspa/click?ie=UTF8&spc=MTozOTIyMzU3MzA3MzQ4NzQ1OjE2NzkzOTY2MDA6c3BfYXRmX25leHQ6MjAxMjQzMTEwMjQ4OTg6OjA6Og&url=%2Fuppercase-Backpack-2300EBP1-resistant-sustainable%2Fdp%2FB0BWNCV31F%2Fref%3Dsr_1_66_sspa%3Fcrid%3D2M096C61O4MLT%26keywords%3Dbags%26qid%3D1679396600%26sprefix%3Dba%252Caps%252C283%26sr%3D8-66-spons%26sp_csd%3Dd2lkZ2V0TmFtZT1zcF9hdGZfbmV4dA%26psc%3D1,"uppercase Medium 17 Ltrs Vegan Leather (upto 14 inch) Laptop Backpack 2300EBP1 3x more water resistant sustainable bags with rain proof zippers for Men, Women, Boys and Girls, 750 Days warranty  ","1,600",4.0 out of 5 stars,373
https://www.amazon.in/ADISA-BP004-Weight-Casual-Backpack/dp/B07G3CG9FC/ref=sr_1_67?crid=2M096C61O4MLT&keywords=bags&qid=1679396600&sprefix=ba%2Caps%2C283&sr=8-67,ADISA Laptop Backpack 31 Ltrs  ,499,4.0 out of 5 stars,"9,083"
https://www.amazon.in/Heart-choice-bag-compartment-Waterproof/dp/B0BS99XDQC/ref=sr_1_68?crid=2M096C61O4MLT&keywords=bags&qid=1679396600&sprefix=ba%2Caps%2C283&sr=8-68,"Heart choice stylish college school travel office bag, Casual laptop compartment ,Casual Backpack for Men Women Boys Girls Waterproof ( Bro khadi Blue )  ",499,4.0 out of 5 stars,1
https://www.amazon.in/Lunars-Comet-Resistant-Casual-Backpack/dp/B07WNFN1XS/ref=sr_1_69?crid=2M096C61O4MLT&keywords=bags&qid=1679396600&sprefix=ba%2Caps%2C283&sr=8-69,Lunar's Comet 35L Water Resistant Travel Bagpack/College Backpack/School Bag/Office Bag/Business Backpack/Daypack for Men and Women with 1 Year Warranty  ,799,4.0 out of 5 stars,"12,983"
https://www.amazon.in/BennettTM-Mystic-Shoulder-Messenger-Repellent/dp/B09321GJXZ/ref=sr_1_70?crid=2M096C61O4MLT&keywords=bags&qid=1679396600&sprefix=ba%2Caps%2C283&sr=8-70,Bennett™ Mystic 15.6 inch (39.6cm) Laptop Briefcase Shoulder Sling Office Business Professional Travel Messenger Bag for Men and Women Water Repellent Formal Executive Bags (Grey) 6 Months Warranty  ,512,4.1 out of 5 stars,"5,212"
https://www.amazon.in/Casual-Backpack-Charging-Laptop-Compartment/dp/B07J46KLFP/ref=sr_1_71?crid=2M096C61O4MLT&keywords=bags&qid=1679396600&sprefix=ba%2Caps%2C283&sr=8-71,"Fur Jaden 15.6 Inch Laptop Backpack 25 LTR Bag for School, College and Office with USB Charging Port  ",489,3.9 out of 5 stars,"9,938"
https://www.amazon.in/LOOKMUSTER-Waterproof-Backpack-College-Business/dp/B0BS6YGKMC/ref=sr_1_72?crid=2M096C61O4MLT&keywords=bags&qid=1679396600&sprefix=ba%2Caps%2C283&sr=8-72,LOOKMUSTER Casual Waterproof Laptop Backpack/Office Bag/School Bag/College Bag/Business Bag/Travel Backpack  ,528,5.0 out of 5 stars,2
https://www.amazon.in/Fur-Jaden-Rucksack-Backpack-BM43_Blue/dp/B07PS38XSP/ref=sr_1_73?crid=2M096C61O4MLT&keywords=bags&qid=1679396600&sprefix=ba%2Caps%2C283&sr=8-73,Fur Jaden Hiking Camping Rucksack Casual 10 Ltrs Blue Casual Backpack  ,269,3.6 out of 5 stars,"7,540"
https://www.amazon.in/Safari-Spartan-Water-Resistant-Backpack/dp/B09B26MB5M/ref=sr_1_74?crid=2M096C61O4MLT&keywords=bags&qid=1679396600&sprefix=ba%2Caps%2C283&sr=8-74,"Safari Spartan 21 Ltrs Water Resistant Backpack - Blue, S (SPARTAN19CBBLU)  ",599,3.8 out of 5 stars,679
https://www.amazon.in/sspa/click?ie=UTF8&spc=MTozOTIyMzU3MzA3MzQ4NzQ1OjE2NzkzOTY2MDA6c3BfbXRmOjIwMTIxOTcyMjYwNDk4OjowOjo&url=%2FEUME-Propine-Massager-Backpack-Charging%2Fdp%2FB07XG935R9%2Fref%3Dsr_1_75_sspa%3Fcrid%3D2M096C61O4MLT%26keywords%3Dbags%26qid%3D1679396600%26sprefix%3Dba%252Caps%252C283%26sr%3D8-75-spons%26sp_csd%3Dd2lkZ2V0TmFtZT1zcF9tdGY%26psc%3D1%26smid%3DAPBFC7AMQ4Q38,"EUME Propine Laptop Backpack | Built-in Massager, Water Resistant & Anti-Theft | Fits Up-to 15.6"" MacBook (Melange, 22L)  ","3,499",4.1 out of 5 stars,45
https://www.amazon.in/sspa/click?ie=UTF8&spc=MTozOTIyMzU3MzA3MzQ4NzQ1OjE2NzkzOTY2MDA6c3BfbXRmOjIwMTA1NDUxODUxNTk4OjowOjo&url=%2Fuppercase-Professional-Backpack-resistant-sustainable%2Fdp%2FB0BR1D4SL1%2Fref%3Dsr_1_76_sspa%3Fcrid%3D2M096C61O4MLT%26keywords%3Dbags%26qid%3D1679396600%26sprefix%3Dba%252Caps%252C283%26sr%3D8-76-spons%26sp_csd%3Dd2lkZ2V0TmFtZT1zcF9tdGY%26psc%3D1,"uppercase Apex Professional Laptop Backpack (15.6 Inch) 3x more water resistant sustainable bags with rain proof zippers for Men, Women, Boys and Girls, 750 Days warranty  ","1,800",4.9 out of 5 stars,17
https://www.amazon.in/uppercase-Backpack-2500EBP1-resistant-sustainable/dp/B0BTDB674X/ref=sr_1_77?crid=2M096C61O4MLT&keywords=bags&qid=1679396600&sprefix=ba%2Caps%2C283&sr=8-77,"uppercase Medium 23 Ltrs Tall Boy (14.6 inch) Laptop Backpack 2500EBP1 3x more water resistant sustainable bag with rain proof zippers for Men, Women, Boys and Girls, 750 Days warranty  ","1,700",4.1 out of 5 stars,186
https://www.amazon.in/Martucci-Waterproof-Backpack-College-Business/dp/B0BNSXJ2MY/ref=sr_1_78?crid=2M096C61O4MLT&keywords=bags&qid=1679396600&sprefix=ba%2Caps%2C283&sr=8-78,Martucci 17 inch 35L Casual Waterproof Laptop Backpack/Office Bag/School Bag/College Bag/Business Bag/Unisex Travel Backpack(Black)  ,587,3.6 out of 5 stars,18
https://www.amazon.in/Nivia-5227-Pulse-Junior-Others/dp/B08D7QG33Z/ref=sr_1_79?crid=2M096C61O4MLT&keywords=bags&qid=1679396600&sprefix=ba%2Caps%2C283&sr=8-79,"Nivia 5227 Pulse Junior Bag, Others (Orange) (Sky Blue)  ",294,3.8 out of 5 stars,155
https://www.amazon.in/Martucci-Casual-Travelling-Laptop-Backpack/dp/B088B4P6ZW/ref=sr_1_80?crid=2M096C61O4MLT&keywords=bags&qid=1679396600&sprefix=ba%2Caps%2C283&sr=8-80,Martucci 15.6 inch 30 L Casual Waterproof Laptop Backpack/Office Bag/School Bag/College Bag/Business Bag/Unisex Travel Backpack(Black)  ,565,3.9 out of 5 stars,"7,212"
https://www.amazon.in/Nivia-Deflate-5180BK-Polyester-Round/dp/B07222KX3S/ref=sr_1_81?crid=2M096C61O4MLT&keywords=bags&qid=1679396600&sprefix=ba%2Caps%2C283&sr=8-81,NIVIA Deflate Round 01 Polyester Gym Bag/Unisex Gym Bags/Adjustable Shoulder Bag for Men/Duffle Gym Bags for Men/Carry Gym Accessories/Fitness Bag/Sports &Travel Bag/Gym kit Bag  ,449,4.2 out of 5 stars,"7,268"
https://www.amazon.in/Police-Polyester-laptop-casual-backpack/dp/B09CQ5T3LN/ref=sr_1_82?crid=2M096C61O4MLT&keywords=bags&qid=1679396600&sprefix=ba%2Caps%2C283&sr=8-82,POLICE Backpack for Men Casual Laptop Bag Office/Travel/College 30 Ltr Hedge Polyester - Black  ,"1,399",4.1 out of 5 stars,"5,292"
https://www.amazon.in/Trajectory-Elegant-15-6-Laptop-Office/dp/B09RK6NCGC/ref=sr_1_83?crid=2M096C61O4MLT&keywords=bags&qid=1679396600&sprefix=ba%2Caps%2C283&sr=8-83,Trajectory 100% Vegan Leather 16 Inch Laptop Office Messenger bag for all laptop like Apple MacBook with 2 Years Warranty and Spacious Multiple Compartment with Expandable Bottom Used as Shoulder and Handbag for Men and Women  ,"1,399",4.2 out of 5 stars,311
https://www.amazon.in/Genie-Flamenco2-Backpack-Compatible-Resistant/dp/B08YF1XJXY/ref=sr_1_84?crid=2M096C61O4MLT&keywords=bags&qid=1679396600&sprefix=ba%2Caps%2C283&sr=8-84,"Genie Flamenco Laptop Backpack for Women, 16 inches Office Bag, Sky Blue Stylish and Trendy Bag for Office and College  ",640,4.4 out of 5 stars,"1,025"
https://www.amazon.in/sspa/click?ie=UTF8&spc=MTozOTIyMzU3MzA3MzQ4NzQ1OjE2NzkzOTY2MDA6c3BfYnRmOjIwMTE3Nzk1ODc2OTk4OjowOjo&url=%2FMOKOBARA-TSBPK12CND22001-Backpack-Modern-Love%2Fdp%2FB08T1769X9%2Fref%3Dsr_1_85_sspa%3Fcrid%3D2M096C61O4MLT%26keywords%3Dbags%26qid%3D1679396600%26sprefix%3Dba%252Caps%252C283%26sr%3D8-85-spons%26sp_csd%3Dd2lkZ2V0TmFtZT1zcF9idGY%26psc%3D1,"MOKOBARA Backpack 15.5"" Inch Laptop Backpack For Women (16 litres ) Improved (2022 - Model)  ","4,499",4.3 out of 5 stars,152
https://www.amazon.in/sspa/click?ie=UTF8&spc=MTozOTIyMzU3MzA3MzQ4NzQ1OjE2NzkzOTY2MDA6c3BfYnRmOjIwMTA1NzE1ODIxNTk4OjowOjo&url=%2Fuppercase-Professional-resistant-sustainable-Anti-theft%2Fdp%2FB0BR1C59R8%2Fref%3Dsr_1_86_sspa%3Fcrid%3D2M096C61O4MLT%26keywords%3Dbags%26qid%3D1679396600%26sprefix%3Dba%252Caps%252C283%26sr%3D8-86-spons%26sp_csd%3Dd2lkZ2V0TmFtZT1zcF9idGY%26psc%3D1,"uppercase SealPro Professional Laptop Backpack (15.6 Inch) 3x more water resistant sustainable bags with rain proof zippers & Anti-theft for Men, Women, Boys and Girls, 750 Days warranty  ","1,900",4.9 out of 5 stars,23
https://www.amazon.in/sspa/click?ie=UTF8&spc=MToyMzE0MzY2ODcxNjg2NzIzOjE2NzkzOTY2MDQ6c3BfYXRmX25leHQ6MjAxMjQzMTEwMjQ4OTg6OjA6Og&url=%2Fuppercase-Backpack-2300EBP1-resistant-sustainable%2Fdp%2FB0BWNCV31F%2Fref%3Dsr_1_81_sspa%3Fcrid%3D2M096C61O4MLT%26keywords%3Dbags%26qid%3D1679396604%26sprefix%3Dba%252Caps%252C283%26sr%3D8-81-spons%26sp_csd%3Dd2lkZ2V0TmFtZT1zcF9hdGZfbmV4dA%26psc%3D1,"uppercase Medium 17 Ltrs Vegan Leather (upto 14 inch) Laptop Backpack 2300EBP1 3x more water resistant sustainable bags with rain proof zippers for Men, Women, Boys and Girls, 750 Days warranty  ","1,600",4.0 out of 5 stars,373
https://www.amazon.in/sspa/click?ie=UTF8&spc=MToyMzE0MzY2ODcxNjg2NzIzOjE2NzkzOTY2MDQ6c3BfYXRmX25leHQ6MjAwODAyODgyMjU5OTg6OjA6Og&url=%2FClownfish-Resistant-Polyester-Trolley-Backpack%2Fdp%2FB0BFL7SVSM%2Fref%3Dsr_1_82_sspa%3Fcrid%3D2M096C61O4MLT%26keywords%3Dbags%26qid%3D1679396604%26sprefix%3Dba%252Caps%252C283%26sr%3D8-82-spons%26sp_csd%3Dd2lkZ2V0TmFtZT1zcF9hdGZfbmV4dA%26psc%3D1,The Clownfish Tramp 33 Litre Water Resistant Polyester Two Wheel Laptop Trolley Backpack (Black- Size 48 Cm)  ,"5,699",5.0 out of 5 stars,2
https://www.amazon.in/Gear-Colorado-Orange-Laptop-Backpack/dp/B097K6KD7W/ref=sr_1_83?crid=2M096C61O4MLT&keywords=bags&qid=1679396604&sprefix=ba%2Caps%2C283&sr=8-83,F Gear Colorado Grey Orange 39 Ltrs Laptop Backpack (3814)  ,560,4.3 out of 5 stars,111
https://www.amazon.in/AUXTER-BLACKY-Duffel-Emboss-Black/dp/B07F2H25NP/ref=sr_1_84?crid=2M096C61O4MLT&keywords=bags&qid=1679396604&sprefix=ba%2Caps%2C283&sr=8-84,AUXTER Faux Leather 23 Cms Duffle Bag(AUX_GB_LE_Black -SE_0521_Black)  ,376,4.3 out of 5 stars,"8,907"
https://www.amazon.in/Trajectory-Elegant-15-6-Laptop-Office/dp/B09RK6NCGC/ref=sr_1_85?crid=2M096C61O4MLT&keywords=bags&qid=1679396604&sprefix=ba%2Caps%2C283&sr=8-85,Trajectory 100% Vegan Leather 16 Inch Laptop Office Messenger bag for all laptop like Apple MacBook with 2 Years Warranty and Spacious Multiple Compartment with Expandable Bottom Used as Shoulder and Handbag for Men and Women  ,"1,399",4.2 out of 5 stars,311
https://www.amazon.in/ADISA-Laptop-Backpack-College-z-Black/dp/B09TPY1G1W/ref=sr_1_86?crid=2M096C61O4MLT&keywords=bags&qid=1679396604&sprefix=ba%2Caps%2C283&sr=8-86,ADISA 15.6 inch Laptop Backpack Office Bag College Travel Back Pack 32 Ltrs (z-Black)  ,499,3.8 out of 5 stars,566
https://www.amazon.in/SACCI-MUCCI-Allamanda-Lightweight-SM1-10_magnolia/dp/B09TDNZ88Z/ref=sr_1_87?crid=2M096C61O4MLT&keywords=bags&qid=1679396604&sprefix=ba%2Caps%2C283&sr=8-87,"SACCI MUCCI Women's Rainbow Sling Bag, Handmade Bags for Females - 100% Vegan Leather and Coated Duck canvas Fabric, Lightweight and Durable  ",449,4.2 out of 5 stars,655
https://www.amazon.in/Nivia-5227-Pulse-Junior-Others/dp/B08D7QG33Z/ref=sr_1_88?crid=2M096C61O4MLT&keywords=bags&qid=1679396604&sprefix=ba%2Caps%2C283&sr=8-88,"Nivia 5227 Pulse Junior Bag, Others (Orange) (Sky Blue)  ",294,3.8 out of 5 stars,155
https://www.amazon.in/Safari-Spartan-Water-Resistant-Backpack/dp/B09B26MB5M/ref=sr_1_89?crid=2M096C61O4MLT&keywords=bags&qid=1679396604&sprefix=ba%2Caps%2C283&sr=8-89,"Safari Spartan 21 Ltrs Water Resistant Backpack - Blue, S (SPARTAN19CBBLU)  ",599,3.8 out of 5 stars,679
https://www.amazon.in/ADISA-BP004-Weight-Casual-Backpack/dp/B07G3CG9FC/ref=sr_1_90?crid=2M096C61O4MLT&keywords=bags&qid=1679396604&sprefix=ba%2Caps%2C283&sr=8-90,ADISA Laptop Backpack 31 Ltrs  ,499,4.0 out of 5 stars,"9,083"
https://www.amazon.in/sspa/click?ie=UTF8&spc=MToyMzE0MzY2ODcxNjg2NzIzOjE2NzkzOTY2MDQ6c3BfbXRmOjIwMTA1NDUxODUxNTk4OjowOjo&url=%2Fuppercase-Professional-Backpack-resistant-sustainable%2Fdp%2FB0BR1D4SL1%2Fref%3Dsr_1_91_sspa%3Fcrid%3D2M096C61O4MLT%26keywords%3Dbags%26qid%3D1679396604%26sprefix%3Dba%252Caps%252C283%26sr%3D8-91-spons%26sp_csd%3Dd2lkZ2V0TmFtZT1zcF9tdGY%26psc%3D1,"uppercase Apex Professional Laptop Backpack (15.6 Inch) 3x more water resistant sustainable bags with rain proof zippers for Men, Women, Boys and Girls, 750 Days warranty  ","1,800",4.9 out of 5 stars,17
https://www.amazon.in/sspa/click?ie=UTF8&spc=MToyMzE0MzY2ODcxNjg2NzIzOjE2NzkzOTY2MDQ6c3BfbXRmOjIwMTIxOTcyMjYwNDk4OjowOjo&url=%2FEUME-Propine-Massager-Backpack-Charging%2Fdp%2FB07XG935R9%2Fref%3Dsr_1_92_sspa%3Fcrid%3D2M096C61O4MLT%26keywords%3Dbags%26qid%3D1679396604%26sprefix%3Dba%252Caps%252C283%26sr%3D8-92-spons%26sp_csd%3Dd2lkZ2V0TmFtZT1zcF9tdGY%26psc%3D1%26smid%3DAPBFC7AMQ4Q38,"EUME Propine Laptop Backpack | Built-in Massager, Water Resistant & Anti-Theft | Fits Up-to 15.6"" MacBook (Melange, 22L)  ","3,499",4.1 out of 5 stars,45
https://www.amazon.in/Wesley-Milestone-Waterproof-Backpack-Business/dp/B07NJRPJ6Q/ref=sr_1_93?crid=2M096C61O4MLT&keywords=bags&qid=1679396604&sprefix=ba%2Caps%2C283&sr=8-93,Wesley Milestone 15.6 inch 25 L Casual Waterproof Laptop Backpack/Office Bag/School Bag/College Bag/Business Bag/Unisex Travel Backpack (Black)  ,498,4.3 out of 5 stars,"12,341"
https://www.amazon.in/MY-FAV-Waterproof-Backpack-Digital/dp/B085W9ZY93/ref=sr_1_95?crid=2M096C61O4MLT&keywords=bags&qid=1679396604&sprefix=ba%2Caps%2C283&sr=8-95,"My Fav 3D Printed Bag Backpack, Casual School College, Sports Laptop Backpack for Men, Women Outdoor Travel Lightweight Bag (30 L) (Multicolour)  ",899,3.9 out of 5 stars,23
https://www.amazon.in/Backpack-Business-Backpacks-Charging-Resistant/dp/B094DGXXR5/ref=sr_1_96?crid=2M096C61O4MLT&keywords=bags&qid=1679396604&sprefix=ba%2Caps%2C283&sr=8-96,"FUR JADEN Travel Laptop Backpack, Business Backpacks with USB Charging Port, Water Resistant College School Computer Bag for Men & Women Fits Under 15.6 inch Laptop and Notebook  ",989,4.1 out of 5 stars,107
https://www.amazon.in/Safari-Casual-Backpack-Charging-Resistant/dp/B09B2581S9/ref=sr_1_97?crid=2M096C61O4MLT&keywords=bags&qid=1679396604&sprefix=ba%2Caps%2C283&sr=8-97,"Safari Sneak Casual Backpack with USB Charging Port 26 Ltrs Water Resistant Fabric - Grey, L (SNEAK19CBGRE)  ",949,3.7 out of 5 stars,822
https://www.amazon.in/POLESTAR-Navyorg-Casual-bagpack-Backpack/dp/B0844R2GMK/ref=sr_1_98?crid=2M096C61O4MLT&keywords=bags&qid=1679396604&sprefix=ba%2Caps%2C283&sr=8-98,"POLESTAR Space 34 L Bag for College, School, Office, Casual Multipurpose Backpack with 15.6"" Laptop Compartment, Water Resistant, Unisex Design, Stylish & Durable, 1 Year Warranty  ",549,4.0 out of 5 stars,"6,125"
https://www.amazon.in/Expandable-Backpack-Water-resistant-Business-Charging/dp/B0B6FNB898/ref=sr_1_99?crid=2M096C61O4MLT&keywords=bags&qid=1679396604&sprefix=ba%2Caps%2C283&sr=8-99,"Arctic Hunter Laptop Bag Expandable Backpack for 16 inch Lapotp 40L Travel Backpack Water-resistant Business School Backpack with USB Port for Men and Women,Black  ","3,324",4.2 out of 5 stars,20
https://www.amazon.in/Aristocrat-Zeal-Unisex-Grey-Laptop/dp/B0B5YHC1W5/ref=sr_1_100?crid=2M096C61O4MLT&keywords=bags&qid=1679396604&sprefix=ba%2Caps%2C283&sr=8-100,Aristrocrat Unisex Laptop Bag Grey  ,699,4.4 out of 5 stars,18
https://www.amazon.in/sspa/click?ie=UTF8&spc=MToyMzE0MzY2ODcxNjg2NzIzOjE2NzkzOTY2MDQ6c3BfYnRmOjIwMTE3Nzk1ODc2OTk4OjowOjo&url=%2FMOKOBARA-TSBPK12CND22001-Backpack-Modern-Love%2Fdp%2FB08T1769X9%2Fref%3Dsr_1_101_sspa%3Fcrid%3D2M096C61O4MLT%26keywords%3Dbags%26qid%3D1679396604%26sprefix%3Dba%252Caps%252C283%26sr%3D8-101-spons%26sp_csd%3Dd2lkZ2V0TmFtZT1zcF9idGY%26psc%3D1,"MOKOBARA Backpack 15.5"" Inch Laptop Backpack For Women (16 litres ) Improved (2022 - Model)  ","4,499",4.3 out of 5 stars,152
https://www.amazon.in/sspa/click?ie=UTF8&spc=MToyMzE0MzY2ODcxNjg2NzIzOjE2NzkzOTY2MDQ6c3BfYnRmOjIwMTA1NzE1ODIxNTk4OjowOjo&url=%2Fuppercase-Professional-resistant-sustainable-Anti-theft%2Fdp%2FB0BR1C59R8%2Fref%3Dsr_1_102_sspa%3Fcrid%3D2M096C61O4MLT%26keywords%3Dbags%26qid%3D1679396604%26sprefix%3Dba%252Caps%252C283%26sr%3D8-102-spons%26sp_csd%3Dd2lkZ2V0TmFtZT1zcF9idGY%26psc%3D1,"uppercase SealPro Professional Laptop Backpack (15.6 Inch) 3x more water resistant sustainable bags with rain proof zippers & Anti-theft for Men, Women, Boys and Girls, 750 Days warranty  ","1,900",4.9 out of 5 stars,23
https://www.amazon.in/sspa/click?ie=UTF8&spc=MToxMjQ0Mjg1OTg3MjExMDY3OjE2NzkzOTY2MDc6c3BfYXRmX25leHQ6MjAxMTc3OTU4NzY5OTg6OjA6Og&url=%2FMOKOBARA-TSBPK12CND22001-Backpack-Modern-Love%2Fdp%2FB08T1769X9%2Fref%3Dsr_1_97_sspa%3Fcrid%3D2M096C61O4MLT%26keywords%3Dbags%26qid%3D1679396607%26sprefix%3Dba%252Caps%252C283%26sr%3D8-97-spons%26sp_csd%3Dd2lkZ2V0TmFtZT1zcF9hdGZfbmV4dA%26psc%3D1,"MOKOBARA Backpack 15.5"" Inch Laptop Backpack For Women (16 litres ) Improved (2022 - Model)  ","4,499",4.3 out of 5 stars,152
https://www.amazon.in/sspa/click?ie=UTF8&spc=MToxMjQ0Mjg1OTg3MjExMDY3OjE2NzkzOTY2MDc6c3BfYXRmX25leHQ6MjAxMjQzMTEwMjQ4OTg6OjA6Og&url=%2Fuppercase-Backpack-2300EBP1-resistant-sustainable%2Fdp%2FB0BWNCV31F%2Fref%3Dsr_1_98_sspa%3Fcrid%3D2M096C61O4MLT%26keywords%3Dbags%26qid%3D1679396607%26sprefix%3Dba%252Caps%252C283%26sr%3D8-98-spons%26sp_csd%3Dd2lkZ2V0TmFtZT1zcF9hdGZfbmV4dA%26psc%3D1,"uppercase Medium 17 Ltrs Vegan Leather (upto 14 inch) Laptop Backpack 2300EBP1 3x more water resistant sustainable bags with rain proof zippers for Men, Women, Boys and Girls, 750 Days warranty  ","1,600",4.0 out of 5 stars,373
https://www.amazon.in/Artistix-Backpack-Anti-Theft-Charging-Resistance/dp/B082PKX18C/ref=sr_1_99?crid=2M096C61O4MLT&keywords=bags&qid=1679396607&sprefix=ba%2Caps%2C283&sr=8-99,"Artistix Talon Anti Theft Design Laptop Backpack, With USB Charging Port (46 Cm, 25L,Black)  ",999,4.3 out of 5 stars,"2,956"
https://www.amazon.in/Half-Moon-Travelling-Compartment-Polyester/dp/B09CGZ2W28/ref=sr_1_100?crid=2M096C61O4MLT&keywords=bags&qid=1679396607&sprefix=ba%2Caps%2C283&sr=8-100,Half Moon 55 litres Travelling Laptop Bag/Rucksack Backpack for Luggage Travel Journey Trekking Hiking Bags for Men Women Boys and Girls with Laptop Compartment & Rain Cover (Polyester Navy)  ,979,4.0 out of 5 stars,935
https://www.amazon.in/Skylook-Backpack-Waterproof-Charging-Business/dp/B0BT73V2VT/ref=sr_1_101?crid=2M096C61O4MLT&keywords=bags&qid=1679396607&sprefix=ba%2Caps%2C283&sr=8-101,Skylook Smart Anti Theft Backpack Waterproof 15.6 Inch Laptop Bagpack USB Charging Port 30 Ltrs Travel Hiking Fashion Business Bag for Men Women Unisex Office  ,599,3.2 out of 5 stars,10
https://www.amazon.in/Safari-Black-Casual-Backpack-PRISMA19CBBLK/dp/B07HN5TMQL/ref=sr_1_102?crid=2M096C61O4MLT&keywords=bags&qid=1679396607&sprefix=ba%2Caps%2C283&sr=8-102,Safari Prisma 32 Ltrs Black Casual Backpack (PRISMA19CBBLK)  ,899,3.9 out of 5 stars,845
https://www.amazon.in/Gear-Vintage2-Leather-Backpack-LBPVG2LTH0101/dp/B07G44G1DC/ref=sr_1_103?crid=2M096C61O4MLT&keywords=bags&qid=1679396607&sprefix=ba%2Caps%2C283&sr=8-103,Gear Vintage2 28L Faux Leather Water Resistant Anti Theft Laptop Bag/Backpack for Men/Women-Black  ,"1,030",4.4 out of 5 stars,"1,687"
https://www.amazon.in/Asus-BP1504-15-6-inch-Laptop-Backpack/dp/B0895ZZHKK/ref=sr_1_104?crid=2M096C61O4MLT&keywords=bags&qid=1679396607&sprefix=ba%2Caps%2C283&sr=8-104,Asus BP1504 39.62 cm (15.6-inch) Laptop Backpack (Dark Grey)  ,811,4.2 out of 5 stars,"1,534"
https://www.amazon.in/Wesley-briefcase-professional-Briefcase-messenger/dp/B0BJVDN7VT/ref=sr_1_105?crid=2M096C61O4MLT&keywords=bags&qid=1679396607&sprefix=ba%2Caps%2C283&sr=8-105,Wesley office Laptop Bag briefcase notebook professional business 15.6 Inch Briefcase messenger sling Water resistant Laptop Bag Tablet Business Carrying Handbag for Women and Men (Charcoal Black)  ,498,4.0 out of 5 stars,"1,173"
https://www.amazon.in/DZert-Polyester-Black-White-Laptop/dp/B07H193V57/ref=sr_1_106?crid=2M096C61O4MLT&keywords=bags&qid=1679396607&sprefix=ba%2Caps%2C283&sr=8-106,DZert Clasy Laptop Bag College Bag for Boys Girls 21 L Black  ,299,3.8 out of 5 stars,"2,291"
https://www.amazon.in/sspa/click?ie=UTF8&spc=MToxMjQ0Mjg1OTg3MjExMDY3OjE2NzkzOTY2MDc6c3BfbXRmOjIwMTAwODU1MDk4NTk4OjowOjo&url=%2FFur-Jaden-resistant-Backpack-BM100_Brown%2Fdp%2FB07P5X6NSN%2Fref%3Dsr_1_107_sspa%3Fcrid%3D2M096C61O4MLT%26keywords%3Dbags%26qid%3D1679396607%26sprefix%3Dba%252Caps%252C283%26sr%3D8-107-spons%26sp_csd%3Dd2lkZ2V0TmFtZT1zcF9tdGY%26psc%3D1,FUR JADEN Vegan Leather 30L 15.6 Inch Laptop Backpack for Men Women for Office Professionals and College Students  ,889,4.2 out of 5 stars,"2,237"
https://www.amazon.in/sspa/click?ie=UTF8&spc=MToxMjQ0Mjg1OTg3MjExMDY3OjE2NzkzOTY2MDc6c3BfbXRmOjIwMTA1NDUxODUxNTk4OjowOjo&url=%2Fuppercase-Professional-Backpack-resistant-sustainable%2Fdp%2FB0BR1D4SL1%2Fref%3Dsr_1_108_sspa%3Fcrid%3D2M096C61O4MLT%26keywords%3Dbags%26qid%3D1679396607%26sprefix%3Dba%252Caps%252C283%26sr%3D8-108-spons%26sp_csd%3Dd2lkZ2V0TmFtZT1zcF9tdGY%26psc%3D1,"uppercase Apex Professional Laptop Backpack (15.6 Inch) 3x more water resistant sustainable bags with rain proof zippers for Men, Women, Boys and Girls, 750 Days warranty  ","1,800",4.9 out of 5 stars,17
https://www.amazon.in/DZert-Kids-Grey-School-Years/dp/B07QD1M3R9/ref=sr_1_109?crid=2M096C61O4MLT&keywords=bags&qid=1679396607&sprefix=ba%2Caps%2C283&sr=8-109,DZert Kids School Bag Soft Plush Backpacks Cartoon Boys Girls Baby (2-5 Years)  ,219,3.7 out of 5 stars,"3,003"
https://www.amazon.in/Gear-Vintage2-Leather-Backpack-LBPVG2LTH0501/dp/B07G4HH78P/ref=sr_1_110?crid=2M096C61O4MLT&keywords=bags&qid=1679396607&sprefix=ba%2Caps%2C283&sr=8-110,Gear Vintage2 28L Faux Leather Water Resistant Anti Theft Laptop Bag/Backpack for Men/Women-Navy  ,"1,030",4.4 out of 5 stars,"3,133"
https://www.amazon.in/House-Quirk-Maternity-Backpack-Elephant/dp/B07QV7SH4S/ref=sr_1_111?crid=2M096C61O4MLT&keywords=bags&qid=1679396607&sprefix=ba%2Caps%2C283&sr=8-111,House of Quirk Baby Diaper Bag Maternity Backpack  ,"1,199",4.4 out of 5 stars,966
https://www.amazon.in/WILDHORN-Backpack-Compartment-Business-Stitching/dp/B09QL66G55/ref=sr_1_112?crid=2M096C61O4MLT&keywords=bags&qid=1679396607&sprefix=ba%2Caps%2C283&sr=8-112,"WILDHORN 31L Laptop Backpack for Men / Women I Fits upto 15.6"" Laptop I Waterproof I Travel / Business / College Bookbags  ",599,4.1 out of 5 stars,949
https://www.amazon.in/NORTH-ZONE-Lightweight-Backpacks-Stylish/dp/B0BL3SPN16/ref=sr_1_113?crid=2M096C61O4MLT&keywords=bags&qid=1679396607&sprefix=ba%2Caps%2C283&sr=8-113,NORTH ZONE Lightweight school bags Backpacks for Boys Girls Stylish men and women Casual Travel Laptop Bag College office  ,631,3.9 out of 5 stars,682
https://www.amazon.in/SIDRUM-Shoulder-Adjustable-Compatible-Mirrorless/dp/B09P74TZY8/ref=sr_1_114?crid=2M096C61O4MLT&keywords=bags&qid=1679396607&sprefix=ba%2Caps%2C283&sr=8-114,"SIDRUM WF-18 DSLR/SLR Camera Shoulder Bag Case with Adjustable Shoulder Strap & Rain Cover, Compatible for Nikon, Canon, Sony Mirrorless Cameras - Waterproof - Breathable - Anti Shock (Orange-Black)  ",664,4.4 out of 5 stars,912
https://www.amazon.in/Farraige%C2%AE-Silicone-Crossbody-Waterproof-Stationery/dp/B0B4G8W6MQ/ref=sr_1_115?crid=2M096C61O4MLT&keywords=bags&qid=1679396607&sprefix=ba%2Caps%2C283&sr=8-115,Farraige® Cartoon Soft Silicone Bag Crossbody Shoulder Bag Purse Waterproof Anti Fall Stationery Storage Bag Handbag Sweet Birthday Gift for Children Students Girls  ,684,4.4 out of 5 stars,25
https://www.amazon.in/Tabelito-Laptop-Backpack-15-6-inch-Repellent/dp/B08Y3KCN32/ref=sr_1_116?crid=2M096C61O4MLT&keywords=bags&qid=1679396607&sprefix=ba%2Caps%2C283&sr=8-116,"Tabelito® Casual 15.6 Inch Laptop Bag (39.6cm), 25 LTR Water Repellent Backpack Laptop Apple/ Dell/ Lenovo/ Asus/ Hp/ Samsung/ Mi/ MacBook/ Ultrabook/ Thinkpad/ Ideapad/ Surfacepro Men Women (Blue)  ",549,4.2 out of 5 stars,"1,597"
https://www.amazon.in/sspa/click?ie=UTF8&spc=MToxMjQ0Mjg1OTg3MjExMDY3OjE2NzkzOTY2MDc6c3BfYnRmOjIwMTA1NzE1ODIxNTk4OjowOjo&url=%2Fuppercase-Professional-resistant-sustainable-Anti-theft%2Fdp%2FB0BR1C59R8%2Fref%3Dsr_1_117_sspa%3Fcrid%3D2M096C61O4MLT%26keywords%3Dbags%26qid%3D1679396607%26sprefix%3Dba%252Caps%252C283%26sr%3D8-117-spons%26sp_csd%3Dd2lkZ2V0TmFtZT1zcF9idGY%26psc%3D1,"uppercase SealPro Professional Laptop Backpack (15.6 Inch) 3x more water resistant sustainable bags with rain proof zippers & Anti-theft for Men, Women, Boys and Girls, 750 Days warranty  ","1,900",4.9 out of 5 stars,23
https://www.amazon.in/sspa/click?ie=UTF8&spc=MToxMjQ0Mjg1OTg3MjExMDY3OjE2NzkzOTY2MDc6c3BfYnRmOjIwMDY1NTMzNjg0Njk4OjowOjo&url=%2FPOLICE-ltrs-cms-backpack-PTO020008_1_black%2Fdp%2FB0B81YTTWS%2Fref%3Dsr_1_118_sspa%3Fcrid%3D2M096C61O4MLT%26keywords%3Dbags%26qid%3D1679396607%26sprefix%3Dba%252Caps%252C283%26sr%3D8-118-spons%26sp_csd%3Dd2lkZ2V0TmFtZT1zcF9idGY%26psc%3D1,"uppercase Medium 23 Ltrs Tall Boy (14.6 inch) Laptop Backpack 2500EBP1 3x more water resistant sustainable bag with rain proof zippers for Men, Women, Boys and Girls, 750 Days warranty  ","1,700",4.1 out of 5 stars,186
https://www.amazon.in/sspa/click?ie=UTF8&spc=MToyMDgzMjY2NjI3Nzc1MDk1OjE2NzkzOTY2MDk6c3BfYXRmX25leHQ6MjAxMjE0ODk2Mzg0OTg6OjA6Og&url=%2FLOOKMUSTER-Waterproof-Backpack-College-Business%2Fdp%2FB0BS6YGKMC%2Fref%3Dsr_1_113_sspa%3Fcrid%3D2M096C61O4MLT%26keywords%3Dbags%26qid%3D1679396609%26sprefix%3Dba%252Caps%252C283%26sr%3D8-113-spons%26sp_csd%3Dd2lkZ2V0TmFtZT1zcF9hdGZfbmV4dA%26psc%3D1,LOOKMUSTER Casual Waterproof Laptop Backpack/Office Bag/School Bag/College Bag/Business Bag/Travel Backpack  ,528,5.0 out of 5 stars,2
https://www.amazon.in/sspa/click?ie=UTF8&spc=MToyMDgzMjY2NjI3Nzc1MDk1OjE2NzkzOTY2MDk6c3BfYXRmX25leHQ6MjAxMjQzMTEwMjQ4OTg6OjA6Og&url=%2Fuppercase-Backpack-2300EBP1-resistant-sustainable%2Fdp%2FB0BWNCV31F%2Fref%3Dsr_1_114_sspa%3Fcrid%3D2M096C61O4MLT%26keywords%3Dbags%26qid%3D1679396609%26sprefix%3Dba%252Caps%252C283%26sr%3D8-114-spons%26sp_csd%3Dd2lkZ2V0TmFtZT1zcF9hdGZfbmV4dA%26psc%3D1,"uppercase Medium 17 Ltrs Vegan Leather (upto 14 inch) Laptop Backpack 2300EBP1 3x more water resistant sustainable bags with rain proof zippers for Men, Women, Boys and Girls, 750 Days warranty  ","1,600",4.0 out of 5 stars,373
https://www.amazon.in/Gear-Vintage2-Leather-Backpack-LBPVG2LTH0501/dp/B07G4HH78P/ref=sr_1_115?crid=2M096C61O4MLT&keywords=bags&qid=1679396609&sprefix=ba%2Caps%2C283&sr=8-115,Gear Vintage2 28L Faux Leather Water Resistant Anti Theft Laptop Bag/Backpack for Men/Women-Navy  ,"1,030",4.4 out of 5 stars,"3,133"
https://www.amazon.in/F-Gear-String-Polyester-33-cms-Black-Drawstring-Gym-Bag/dp/B07PC28YQ9/ref=sr_1_116?crid=2M096C61O4MLT&keywords=bags&qid=1679396609&sprefix=ba%2Caps%2C283&sr=8-116,F Gear String 11 Ltrs Nylon Black Gym Bag  ,189,4.0 out of 5 stars,436
https://www.amazon.in/WILDHORN-Backpack-Compartment-Business-Stitching/dp/B09QL66G55/ref=sr_1_117?crid=2M096C61O4MLT&keywords=bags&qid=1679396609&sprefix=ba%2Caps%2C283&sr=8-117,"WILDHORN 31L Laptop Backpack for Men / Women I Fits upto 15.6"" Laptop I Waterproof I Travel / Business / College Bookbags  ",599,4.1 out of 5 stars,949
https://www.amazon.in/Bennett-15-6-inch-Repellent-Backpack-ben_cas_blue/dp/B09WZKB54G/ref=sr_1_118?crid=2M096C61O4MLT&keywords=bags&qid=1679396609&sprefix=ba%2Caps%2C283&sr=8-118,"Bennett Laptop Bag for Menं & Women 15.6 inch, 25 L Water Resistant Bag Laptop Apple/Dell/Lenovo/Asus/Hp/Samsung/Mi/MacBook/Ultrabook/Thinkpad/Ideapad/Surfacepro (Blue)  ",512,4.0 out of 5 stars,435
https://www.amazon.in/Tabelito-Laptop-Backpack-15-6-inch-Repellent/dp/B08Y3KCN32/ref=sr_1_119?crid=2M096C61O4MLT&keywords=bags&qid=1679396609&sprefix=ba%2Caps%2C283&sr=8-119,"Tabelito® Casual 15.6 Inch Laptop Bag (39.6cm), 25 LTR Water Repellent Backpack Laptop Apple/ Dell/ Lenovo/ Asus/ Hp/ Samsung/ Mi/ MacBook/ Ultrabook/ Thinkpad/ Ideapad/ Surfacepro Men Women (Blue)  ",549,4.2 out of 5 stars,"1,597"
https://www.amazon.in/Step-Backpack-Small-Water-Repellant/dp/B088XG77KN/ref=sr_1_120?crid=2M096C61O4MLT&keywords=bags&qid=1679396609&sprefix=ba%2Caps%2C283&sr=8-120,"Mi Step Out 12 L Mini Backpack (Small Size, Red, Water Repellant)  ",249,4.1 out of 5 stars,"8,155"
https://www.amazon.in/LL-LEATHER-LAND-DESIGNER-BAGS/dp/B0BD4TTDHD/ref=sr_1_121?crid=2M096C61O4MLT&keywords=bags&qid=1679396609&sprefix=ba%2Caps%2C283&sr=8-121,LL LEATHER LAND DESIGNER BAGS Women Sling Bag  ,299,4.0 out of 5 stars,"1,627"
https://www.amazon.in/Veneer-Backpack-Fashion-Leather-College/dp/B09BMG8R6Y/ref=sr_1_122?crid=2M096C61O4MLT&keywords=bags&qid=1679396609&sprefix=ba%2Caps%2C283&sr=8-122,"Veneer Medium 20 L Laptop Backpack Men Womens Girls Fashion PU Leather Mini Casual Backpack Bags for School, College, Tuition, Office Bag  ",899,4.2 out of 5 stars,841
https://www.amazon.in/sspa/click?ie=UTF8&spc=MToyMDgzMjY2NjI3Nzc1MDk1OjE2NzkzOTY2MDk6c3BfbXRmOjIwMTA1NDUxODUxNTk4OjowOjo&url=%2Fuppercase-Professional-Backpack-resistant-sustainable%2Fdp%2FB0BR1D4SL1%2Fref%3Dsr_1_123_sspa%3Fcrid%3D2M096C61O4MLT%26keywords%3Dbags%26qid%3D1679396609%26sprefix%3Dba%252Caps%252C283%26sr%3D8-123-spons%26sp_csd%3Dd2lkZ2V0TmFtZT1zcF9tdGY%26psc%3D1,"uppercase Apex Professional Laptop Backpack (15.6 Inch) 3x more water resistant sustainable bags with rain proof zippers for Men, Women, Boys and Girls, 750 Days warranty  ","1,800",4.9 out of 5 stars,17
https://www.amazon.in/sspa/click?ie=UTF8&spc=MToyMDgzMjY2NjI3Nzc1MDk1OjE2NzkzOTY2MDk6c3BfbXRmOjIwMTE3Nzk1ODc2OTk4OjowOjo&url=%2FMOKOBARA-TSBPK12CND22001-Backpack-Modern-Love%2Fdp%2FB08T1769X9%2Fref%3Dsr_1_124_sspa%3Fcrid%3D2M096C61O4MLT%26keywords%3Dbags%26qid%3D1679396609%26sprefix%3Dba%252Caps%252C283%26sr%3D8-124-spons%26sp_csd%3Dd2lkZ2V0TmFtZT1zcF9tdGY%26psc%3D1,"MOKOBARA Backpack 15.5"" Inch Laptop Backpack For Women (16 litres ) Improved (2022 - Model)  ","4,499",4.3 out of 5 stars,152
https://www.amazon.in/Lenovo-Laptop-Everyday-Backpack-Black/dp/B07GM5NR14/ref=sr_1_125?crid=2M096C61O4MLT&keywords=bags&qid=1679396609&sprefix=ba%2Caps%2C283&sr=8-125,Lenovo Everyday Laptop Backpack B515 15.6-inch Water Repellent Black  ,890,4.1 out of 5 stars,"3,668"
https://www.amazon.in/NETTIE-Cotton-Carry-Strap-Drawstring/dp/B08LBT1R9J/ref=sr_1_126?crid=2M096C61O4MLT&keywords=bags&qid=1679396609&sprefix=ba%2Caps%2C283&sr=8-126,NETTIE Cotton Carry Bag with Strap and Drawstring for Yoga Mat- Big Size  ,198,4.1 out of 5 stars,"1,004"
https://www.amazon.in/Motherly-Stylish-Babies-Diaper-Mothers/dp/B07DMKJJB4/ref=sr_1_127?crid=2M096C61O4MLT&keywords=bags&qid=1679396609&sprefix=ba%2Caps%2C283&sr=8-127,motherly 25 ltrs (25 Cms) backpack(5860_grey)  ,"1,736",4.5 out of 5 stars,"5,477"
https://www.amazon.in/American-Tourister-BACKPACK-COMPARTMENT-ORGANIZER/dp/B0BTD4S4XF/ref=sr_1_128?crid=2M096C61O4MLT&keywords=bags&qid=1679396609&sprefix=ba%2Caps%2C283&sr=8-128,"American Tourister VALEX BLACK LAPTOP BACKPACK 28 Ltrs,Volume, LAPTOP COMPARTMENT, BOTTLE POCKET, FRONT ORGANIZER  ","1,299",4.1 out of 5 stars,8
https://www.amazon.in/HEROZ-Backpack-Resistant-Computer-17-3-inch/dp/B083N53TWB/ref=sr_1_129?crid=2M096C61O4MLT&keywords=bags&qid=1679396609&sprefix=ba%2Caps%2C283&sr=8-129,HEROZ Hacker 50 litres Nylon Travel Laptop Backpack Water Resistant Slim Durable Computer Book Bag Tracking Fits Up to 17.3-inch Laptop (058- All) (Grey & Red)  ,"1,439",4.1 out of 5 stars,"3,717"
https://www.amazon.in/POLESTAR-backpack-Backpack-College-Students/dp/B08X2KR6T9/ref=sr_1_130?crid=2M096C61O4MLT&keywords=bags&qid=1679396609&sprefix=ba%2Caps%2C283&sr=8-130,"POLESTAR Enzo 15.6 inch 35 LTR Casual Laptop Backpack/Office Bag/School Bag/College Bag/Business Bag/Unisex Backpack , Water Resistant and Light Weight, 1 year Warranty  ",619,4.2 out of 5 stars,"3,770"
https://www.amazon.in/DEfANZO-Polyster-Weight-Backpack-Single/dp/B09NGRL75L/ref=sr_1_131?crid=2M096C61O4MLT&keywords=bags&qid=1679396609&sprefix=ba%2Caps%2C283&sr=8-131,D DEFANZO 30L HP Bags Polyster Black Light Weight Laptop Bag 30 ltrs Laptop Backpack for Upto 15.6 inch Laptop (Single Black)  ,399,4.2 out of 5 stars,13
https://www.amazon.in/Amazon-Brand-Solimo-Sling-Maroon/dp/B07S63LC4P/ref=sr_1_132?crid=2M096C61O4MLT&keywords=bags&qid=1679396609&sprefix=ba%2Caps%2C283&sr=8-132,Amazon Brand - Solimo Sling Bag (Maroon)  ,219,3.9 out of 5 stars,239
https://www.amazon.in/sspa/click?ie=UTF8&spc=MToyMDgzMjY2NjI3Nzc1MDk1OjE2NzkzOTY2MDk6c3BfYnRmOjIwMTIxOTcyMjYwNDk4OjowOjo&url=%2FEUME-Propine-Massager-Backpack-Charging%2Fdp%2FB07XG935R9%2Fref%3Dsr_1_133_sspa%3Fcrid%3D2M096C61O4MLT%26keywords%3Dbags%26qid%3D1679396609%26sprefix%3Dba%252Caps%252C283%26sr%3D8-133-spons%26sp_csd%3Dd2lkZ2V0TmFtZT1zcF9idGY%26psc%3D1%26smid%3DAPBFC7AMQ4Q38,"EUME Propine Laptop Backpack | Built-in Massager, Water Resistant & Anti-Theft | Fits Up-to 15.6"" MacBook (Melange, 22L)  ","3,499",4.1 out of 5 stars,45
https://www.amazon.in/sspa/click?ie=UTF8&spc=MToyMDgzMjY2NjI3Nzc1MDk1OjE2NzkzOTY2MDk6c3BfYnRmOjIwMTA1NzE1ODIxNTk4OjowOjo&url=%2Fuppercase-Professional-resistant-sustainable-Anti-theft%2Fdp%2FB0BR1C59R8%2Fref%3Dsr_1_134_sspa%3Fcrid%3D2M096C61O4MLT%26keywords%3Dbags%26qid%3D1679396609%26sprefix%3Dba%252Caps%252C283%26sr%3D8-134-spons%26sp_csd%3Dd2lkZ2V0TmFtZT1zcF9idGY%26psc%3D1,"uppercase SealPro Professional Laptop Backpack (15.6 Inch) 3x more water resistant sustainable bags with rain proof zippers & Anti-theft for Men, Women, Boys and Girls, 750 Days warranty  ","1,900",4.9 out of 5 stars,23
https://www.amazon.in/sspa/click?ie=UTF8&spc=MTozMjI4NTI0MDgyMjYyNjk6MTY3OTM5NjYxMjpzcF9hdGZfbmV4dDoyMDExNzc5NTg3Njk5ODo6MDo6&url=%2FMOKOBARA-TSBPK12CND22001-Backpack-Modern-Love%2Fdp%2FB08T1769X9%2Fref%3Dsr_1_129_sspa%3Fcrid%3D2M096C61O4MLT%26keywords%3Dbags%26qid%3D1679396612%26sprefix%3Dba%252Caps%252C283%26sr%3D8-129-spons%26sp_csd%3Dd2lkZ2V0TmFtZT1zcF9hdGZfbmV4dA%26psc%3D1,"MOKOBARA Backpack 15.5"" Inch Laptop Backpack For Women (16 litres ) Improved (2022 - Model)  ","4,499",4.3 out of 5 stars,152
https://www.amazon.in/sspa/click?ie=UTF8&spc=MTozMjI4NTI0MDgyMjYyNjk6MTY3OTM5NjYxMjpzcF9hdGZfbmV4dDoyMDEyNDMxMTAyNDg5ODo6MDo6&url=%2Fuppercase-Backpack-2300EBP1-resistant-sustainable%2Fdp%2FB0BWNCV31F%2Fref%3Dsr_1_130_sspa%3Fcrid%3D2M096C61O4MLT%26keywords%3Dbags%26qid%3D1679396612%26sprefix%3Dba%252Caps%252C283%26sr%3D8-130-spons%26sp_csd%3Dd2lkZ2V0TmFtZT1zcF9hdGZfbmV4dA%26psc%3D1,"uppercase Medium 17 Ltrs Vegan Leather (upto 14 inch) Laptop Backpack 2300EBP1 3x more water resistant sustainable bags with rain proof zippers for Men, Women, Boys and Girls, 750 Days warranty  ","1,600",4.0 out of 5 stars,373
https://www.amazon.in/Bennett-15-6-inch-College-Repellent-Backpack/dp/B09WZHX3B1/ref=sr_1_131?crid=2M096C61O4MLT&keywords=bags&qid=1679396612&sprefix=ba%2Caps%2C283&sr=8-131,"Bennett Casual Laptop Bag school bags for boys girls 15.6-inch, 25 LTR Office & College bags for mens Water Repellent Backpack for Men & Women (Black)  ",512,4.0 out of 5 stars,435
https://www.amazon.in/HAMMONDS-FLYCATCHER-Genuine-Shoulder-Messenger/dp/B07P2TQH78/ref=sr_1_132?crid=2M096C61O4MLT&keywords=bags&qid=1679396612&sprefix=ba%2Caps%2C283&sr=8-132,"Hammonds Flycatcher Genuine Leather Laptop Bag for Men/Office Bag for Men, Brown | Fits Upto 16 Inch Laptop/MacBook| Leather Bag with Shoulder Straps | Laptop Messenger Bag/Leather Bag for Men |  ","2,599",4.3 out of 5 stars,"4,682"
https://www.amazon.in/SHW-SOLAR-COMPARTMENT-ADJUSTABLE-COMPARTMENTS/dp/B09NFSC3RP/ref=sr_1_133?crid=2M096C61O4MLT&keywords=bags&qid=1679396612&sprefix=ba%2Caps%2C283&sr=8-133,SHW SOLAR BLACK LAPTOP BAG with PADDED LAPTOP COMPARTMENT suitable for 15.6 inch LAPTOP II ADJUSTABLE STRAPSII WATER BOTTLE POCKETII TWO COMPARTMENTS  ,349,3.7 out of 5 stars,105
https://www.amazon.in/Motherly-Stylish-Babies-Diaper-Mothers/dp/B07DMKJJB4/ref=sr_1_134?crid=2M096C61O4MLT&keywords=bags&qid=1679396612&sprefix=ba%2Caps%2C283&sr=8-134,motherly 25 ltrs (25 Cms) backpack(5860_grey)  ,"1,736",4.5 out of 5 stars,"5,477"
https://www.amazon.in/ADISA-Laptop-Backpack-Office-College/dp/B0BPTT2HZY/ref=sr_1_135?crid=2M096C61O4MLT&keywords=bags&qid=1679396612&sprefix=ba%2Caps%2C283&sr=8-135,ADISA 35L Large Laptop Backpack Office Bag College Travel Back Pack with rain Cover (Navy)  ,599,4.0 out of 5 stars,31
https://www.amazon.in/LL-LEATHER-LAND-DESIGNER-BAGS/dp/B0BD4TTDHD/ref=sr_1_136?crid=2M096C61O4MLT&keywords=bags&qid=1679396612&sprefix=ba%2Caps%2C283&sr=8-136,LL LEATHER LAND DESIGNER BAGS Women Sling Bag  ,299,4.0 out of 5 stars,"1,627"
https://www.amazon.in/POLESTAR-backpack-Backpack-College-Students/dp/B08X2KR6T9/ref=sr_1_137?crid=2M096C61O4MLT&keywords=bags&qid=1679396612&sprefix=ba%2Caps%2C283&sr=8-137,"POLESTAR Enzo 15.6 inch 35 LTR Casual Laptop Backpack/Office Bag/School Bag/College Bag/Business Bag/Unisex Backpack , Water Resistant and Light Weight, 1 year Warranty  ",619,4.2 out of 5 stars,"3,770"
https://www.amazon.in/Amazon-Brand-Backpack-15-6-inch-Laptops/dp/B076QFBFRG/ref=sr_1_138?crid=2M096C61O4MLT&keywords=bags&qid=1679396612&sprefix=ba%2Caps%2C283&sr=8-138,"Amazon Brand - Solimo Laptop Backpack for 15.6-inch Laptops (27 litres, Black)  ",429,3.9 out of 5 stars,"1,241"
https://www.amazon.in/sspa/click?ie=UTF8&spc=MTozMjI4NTI0MDgyMjYyNjk6MTY3OTM5NjYxMjpzcF9tdGY6MjAxMDA4NTUwOTg1OTg6OjA6Og&url=%2FFur-Jaden-resistant-Backpack-BM100_Brown%2Fdp%2FB07P5X6NSN%2Fref%3Dsr_1_139_sspa%3Fcrid%3D2M096C61O4MLT%26keywords%3Dbags%26qid%3D1679396612%26sprefix%3Dba%252Caps%252C283%26sr%3D8-139-spons%26sp_csd%3Dd2lkZ2V0TmFtZT1zcF9tdGY%26psc%3D1,FUR JADEN Vegan Leather 30L 15.6 Inch Laptop Backpack for Men Women for Office Professionals and College Students  ,889,4.2 out of 5 stars,"2,237"
https://www.amazon.in/sspa/click?ie=UTF8&spc=MTozMjI4NTI0MDgyMjYyNjk6MTY3OTM5NjYxMjpzcF9tdGY6MjAxMDU0NTE4NTE1OTg6OjA6Og&url=%2Fuppercase-Professional-Backpack-resistant-sustainable%2Fdp%2FB0BR1D4SL1%2Fref%3Dsr_1_140_sspa%3Fcrid%3D2M096C61O4MLT%26keywords%3Dbags%26qid%3D1679396612%26sprefix%3Dba%252Caps%252C283%26sr%3D8-140-spons%26sp_csd%3Dd2lkZ2V0TmFtZT1zcF9tdGY%26psc%3D1,"uppercase Apex Professional Laptop Backpack (15.6 Inch) 3x more water resistant sustainable bags with rain proof zippers for Men, Women, Boys and Girls, 750 Days warranty  ","1,800",4.9 out of 5 stars,17
https://www.amazon.in/Li-Ning-Raider-Double-Polyester-Badminton/dp/B09VDQRFRV/ref=sr_1_141?crid=2M096C61O4MLT&keywords=bags&qid=1679396612&sprefix=ba%2Caps%2C283&sr=8-141,Li-Ning Raider Max Double Zipper Polyester Badminton Kit Bag (Blue)  ,"1,516",4.4 out of 5 stars,375
https://www.amazon.in/Amazon-Brand-Solimo-Sling-Maroon/dp/B07S63LC4P/ref=sr_1_142?crid=2M096C61O4MLT&keywords=bags&qid=1679396612&sprefix=ba%2Caps%2C283&sr=8-142,Amazon Brand - Solimo Sling Bag (Maroon)  ,219,3.9 out of 5 stars,239
https://www.amazon.in/Backpack-Fashion-Computer-Business-Black-BlueZip/dp/B08R7J19R8/ref=sr_1_143?crid=2M096C61O4MLT&keywords=bags&qid=1679396612&sprefix=ba%2Caps%2C283&sr=8-143,Wooum Laptop Bag - Backpack For Laptop and Tablet of 15.6 Inch Thick Padded Compartment - Light Weight - Water Resistance – Anti-Theft - Updated (Black)  ,474,4.0 out of 5 stars,"1,113"
https://www.amazon.in/Gear-Workspace-Briefcase-Black-Red-BKPWRPHYD0101/dp/B097KGL2M5/ref=sr_1_144?crid=2M096C61O4MLT&keywords=bags&qid=1679396612&sprefix=ba%2Caps%2C283&sr=8-144,Gear Workspace 18L Water Resistant Laptop Bag/Backpack/Office Bag for Men/Women-Black  ,899,4.2 out of 5 stars,286
https://www.amazon.in/FloMotif-Business-Shoulder-material-resistant/dp/B07NHYLTY7/ref=sr_1_145?crid=2M096C61O4MLT&keywords=bags&qid=1679396612&sprefix=ba%2Caps%2C283&sr=8-145,ZOUK Black Floral Printed Handmade Vegan Leather Women's Office Bag for 15.6 inch Laptop with Double Handles - FloMotif  ,"1,699",4.4 out of 5 stars,"1,842"
https://www.amazon.in/HEROZ-Backpack-Resistant-Durable-Notebook/dp/B08BYQZYYC/ref=sr_1_146?crid=2M096C61O4MLT&keywords=bags&qid=1679396612&sprefix=ba%2Caps%2C283&sr=8-146,HEROZ Hammer Unisex Nylon 45 L Travel Laptop Backpack Water Resistant Slim Durable Fits Up to 17.3 Inch Laptop Notebook (All) (Navy Blue & Sky Blue)  ,"1,349",4.3 out of 5 stars,"7,733"
https://www.amazon.in/Medela-Breastmilk-Storage-Bags-Pieces/dp/B075R5R1LR/ref=sr_1_147?crid=2M096C61O4MLT&keywords=bags&qid=1679396612&sprefix=ba%2Caps%2C283&sr=8-147,"Medela Breastmilk Storage Bags,White, 25 Pieces  ",840,4.7 out of 5 stars,"2,938"
https://www.amazon.in/Red-Lemon-Polyester-15-6-inch-Waterproof/dp/B07XYY2FW4/ref=sr_1_148?crid=2M096C61O4MLT&keywords=bags&qid=1679396612&sprefix=ba%2Caps%2C283&sr=8-148,Red Lemon Polyester Bange Series 15.6inch Laptop Bag for Men 35 LTR Capacity Daily Office Bag for Men and Women Black (1903)  ,"2,849",4.2 out of 5 stars,160
https://www.amazon.in/sspa/click?ie=UTF8&spc=MTozMjI4NTI0MDgyMjYyNjk6MTY3OTM5NjYxMjpzcF9idGY6MjAxMDU3MTU4MjE1OTg6OjA6Og&url=%2Fuppercase-Professional-resistant-sustainable-Anti-theft%2Fdp%2FB0BR1C59R8%2Fref%3Dsr_1_149_sspa%3Fcrid%3D2M096C61O4MLT%26keywords%3Dbags%26qid%3D1679396612%26sprefix%3Dba%252Caps%252C283%26sr%3D8-149-spons%26sp_csd%3Dd2lkZ2V0TmFtZT1zcF9idGY%26psc%3D1,"uppercase SealPro Professional Laptop Backpack (15.6 Inch) 3x more water resistant sustainable bags with rain proof zippers & Anti-theft for Men, Women, Boys and Girls, 750 Days warranty  ","1,900",4.9 out of 5 stars,23
https://www.amazon.in/sspa/click?ie=UTF8&spc=MTozMjI4NTI0MDgyMjYyNjk6MTY3OTM5NjYxMjpzcF9idGY6MjAwNjU1MzM2ODQ2OTg6OjA6Og&url=%2FPOLICE-ltrs-cms-backpack-PTO020008_1_black%2Fdp%2FB0B81YTTWS%2Fref%3Dsr_1_150_sspa%3Fcrid%3D2M096C61O4MLT%26keywords%3Dbags%26qid%3D1679396612%26sprefix%3Dba%252Caps%252C283%26sr%3D8-150-spons%26sp_csd%3Dd2lkZ2V0TmFtZT1zcF9idGY%26psc%3D1,"uppercase Medium 23 Ltrs Tall Boy (14.6 inch) Laptop Backpack 2500EBP1 3x more water resistant sustainable bag with rain proof zippers for Men, Women, Boys and Girls, 750 Days warranty  ","1,700",4.1 out of 5 stars,186
https://www.amazon.in/sspa/click?ie=UTF8&spc=MTozMzY0NzcxNTEzNzM5ODAyOjE2NzkzOTY2MTU6c3BfYXRmX25leHQ6MjAxMjQzMTEwMjQ4OTg6OjA6Og&url=%2Fuppercase-Backpack-2300EBP1-resistant-sustainable%2Fdp%2FB0BWNCV31F%2Fref%3Dsr_1_145_sspa%3Fcrid%3D2M096C61O4MLT%26keywords%3Dbags%26qid%3D1679396615%26sprefix%3Dba%252Caps%252C283%26sr%3D8-145-spons%26sp_csd%3Dd2lkZ2V0TmFtZT1zcF9hdGZfbmV4dA%26psc%3D1,"uppercase Medium 17 Ltrs Vegan Leather (upto 14 inch) Laptop Backpack 2300EBP1 3x more water resistant sustainable bags with rain proof zippers for Men, Women, Boys and Girls, 750 Days warranty  ","1,600",4.0 out of 5 stars,373
https://www.amazon.in/sspa/click?ie=UTF8&spc=MTozMzY0NzcxNTEzNzM5ODAyOjE2NzkzOTY2MTU6c3BfYXRmX25leHQ6MjAxMTc3OTU4NzY5OTg6OjA6Og&url=%2FMOKOBARA-TSBPK12CND22001-Backpack-Modern-Love%2Fdp%2FB08T1769X9%2Fref%3Dsr_1_146_sspa%3Fcrid%3D2M096C61O4MLT%26keywords%3Dbags%26qid%3D1679396615%26sprefix%3Dba%252Caps%252C283%26sr%3D8-146-spons%26sp_csd%3Dd2lkZ2V0TmFtZT1zcF9hdGZfbmV4dA%26psc%3D1,"MOKOBARA Backpack 15.5"" Inch Laptop Backpack For Women (16 litres ) Improved (2022 - Model)  ","4,499",4.3 out of 5 stars,152
https://www.amazon.in/Medela-Breastmilk-Storage-Bags-Pieces/dp/B075R5R1LR/ref=sr_1_147?crid=2M096C61O4MLT&keywords=bags&qid=1679396615&sprefix=ba%2Caps%2C283&sr=8-147,"Medela Breastmilk Storage Bags,White, 25 Pieces  ",840,4.7 out of 5 stars,"2,938"
https://www.amazon.in/Red-Lemon-Polyester-15-6-inch-Waterproof/dp/B07XYY2FW4/ref=sr_1_148?crid=2M096C61O4MLT&keywords=bags&qid=1679396615&sprefix=ba%2Caps%2C283&sr=8-148,Red Lemon Polyester Bange Series 15.6inch Laptop Bag for Men 35 LTR Capacity Daily Office Bag for Men and Women Black (1903)  ,"2,849",4.2 out of 5 stars,160
https://www.amazon.in/Motherly-Diaper-Bags-Travel-Basic/dp/B07PKQ3WJZ/ref=sr_1_149?crid=2M096C61O4MLT&keywords=bags&qid=1679396615&sprefix=ba%2Caps%2C283&sr=8-149,motherly Diaper Bags for Mom Travel Basic Edition (Navy Blue)  ,"1,536",4.5 out of 5 stars,"2,331"
https://www.amazon.in/Gear-Black-Casual-Backpack-MDBKPECO50104/dp/B0757MBSS6/ref=sr_1_150?crid=2M096C61O4MLT&keywords=bags&qid=1679396615&sprefix=ba%2Caps%2C283&sr=8-150,Gear Casual Backpack  ,449,3.8 out of 5 stars,"2,079"
https://www.amazon.in/NORTH-ZONE-Backpack-Schoolbag-Business/dp/B0BH8S9QGH/ref=sr_1_151?crid=2M096C61O4MLT&keywords=bags&qid=1679396615&sprefix=ba%2Caps%2C283&sr=8-151,NORTH ZONE Outdoor Travel Anti Theft Laptop Backpack Mochila anti robo Outdoor Travel Daily School Custom Logo Schoolbag Business Men Bag (Grey)  ,599,3.6 out of 5 stars,47
https://www.amazon.in/Nivia-5177SB-Polyester-String-Blue/dp/B071XMLFTL/ref=sr_1_152?crid=2M096C61O4MLT&keywords=bags&qid=1679396615&sprefix=ba%2Caps%2C283&sr=8-152,NIVIA String Bag/Drawstring Bag/Sports Bag Boys/Polyester String Bag/Kit Bags/Drawstring Sports Bag/Dori Backpack/Gym Bag/String Bag Men Waterproof/Drawstring Backpack (Sky Blue)  ,193,4.1 out of 5 stars,456
https://www.amazon.in/Anti-Theft-Backpack-Expandable-Water-resistant-Convertible/dp/B0B6FZ3YNV/ref=sr_1_153?crid=2M096C61O4MLT&keywords=bags&qid=1679396615&sprefix=ba%2Caps%2C283&sr=8-153,"Golden Wolf Backpack 35L Expandable Travel Backpack for Men and Women Anti-theft Laptop Bag with Lock Water-resistant Convertible Backpack with USB Port Travel Business College Bag for Men,Black  ","2,564",4.4 out of 5 stars,37
https://www.amazon.in/POLESTAR-Casual-bagpack-School-Backpack/dp/B07PQQ8M7B/ref=sr_1_154?crid=2M096C61O4MLT&keywords=bags&qid=1679396615&sprefix=ba%2Caps%2C283&sr=8-154,"POLESTAR Noble 32 L Bag for College, School, Office, Casual Multipurpose Backpack with 15.6"" Laptop Compartment, Water Resistant, Unisex Design, Stylish & Durable, 1 Year Warranty  ",579,3.9 out of 5 stars,"17,377"
https://www.amazon.in/sspa/click?ie=UTF8&spc=MTozMzY0NzcxNTEzNzM5ODAyOjE2NzkzOTY2MTU6c3BfbXRmOjIwMTA1NDUxODUxNTk4OjowOjo&url=%2Fuppercase-Professional-Backpack-resistant-sustainable%2Fdp%2FB0BR1D4SL1%2Fref%3Dsr_1_155_sspa%3Fcrid%3D2M096C61O4MLT%26keywords%3Dbags%26qid%3D1679396615%26sprefix%3Dba%252Caps%252C283%26sr%3D8-155-spons%26sp_csd%3Dd2lkZ2V0TmFtZT1zcF9tdGY%26psc%3D1,"uppercase Apex Professional Laptop Backpack (15.6 Inch) 3x more water resistant sustainable bags with rain proof zippers for Men, Women, Boys and Girls, 750 Days warranty  ","1,800",4.9 out of 5 stars,17
https://www.amazon.in/sspa/click?ie=UTF8&spc=MTozMzY0NzcxNTEzNzM5ODAyOjE2NzkzOTY2MTU6c3BfbXRmOjIwMTA1NzE1ODIxNTk4OjowOjo&url=%2Fuppercase-Professional-resistant-sustainable-Anti-theft%2Fdp%2FB0BR1C59R8%2Fref%3Dsr_1_156_sspa%3Fcrid%3D2M096C61O4MLT%26keywords%3Dbags%26qid%3D1679396615%26sprefix%3Dba%252Caps%252C283%26sr%3D8-156-spons%26sp_csd%3Dd2lkZ2V0TmFtZT1zcF9tdGY%26psc%3D1,"uppercase SealPro Professional Laptop Backpack (15.6 Inch) 3x more water resistant sustainable bags with rain proof zippers & Anti-theft for Men, Women, Boys and Girls, 750 Days warranty  ","1,900",4.9 out of 5 stars,23
https://www.amazon.in/DZert-Polyester-Black-White-Backpack/dp/B07GXX2BP3/ref=sr_1_157?crid=2M096C61O4MLT&keywords=bags&qid=1679396615&sprefix=ba%2Caps%2C283&sr=8-157,DZert Clasy Laptop Bag College Bag for Boys Girls 21 L Red Black  ,296,3.8 out of 5 stars,"2,291"
https://www.amazon.in/Chic-Buddy-Waterproof-Swimsuits-Toiletries/dp/B09KSBHC18/ref=sr_1_158?crid=2M096C61O4MLT&keywords=bags&qid=1679396615&sprefix=ba%2Caps%2C283&sr=8-158,"Chic Buddy Waterproof Wet Bag, Washable, Reusable for Travel, Beach, Pool, Stroller, Diapers, Dirty Gym Clothes, Wet Swimsuits, Toiletries  ",299,4.4 out of 5 stars,281
https://www.amazon.in/ADISA-Laptop-Backpack-Office-College/dp/B0BVRJYD9Q/ref=sr_1_159?crid=2M096C61O4MLT&keywords=bags&qid=1679396615&sprefix=ba%2Caps%2C283&sr=8-159,ADISA 32L Large Laptop Backpack Office Bag College Travel Back Pack with rain Cover (Navy)  ,599,4.4 out of 5 stars,5
https://www.amazon.in/FUR-JADEN-Waterproof-Charging-BM25_Grey/dp/B07FM9BSKW/ref=sr_1_160?crid=2M096C61O4MLT&keywords=bags&qid=1679396615&sprefix=ba%2Caps%2C283&sr=8-160,FUR JADEN 15.6 Anti Theft Laptop Backpack with USB Charging Port Unisex Bag for College Office Suitable for Men Women  ,789,4.0 out of 5 stars,"5,804"
https://www.amazon.in/Wooum-Resisitance-Shoulder-Business-Messenger/dp/B0993Q72WD/ref=sr_1_161?crid=2M096C61O4MLT&keywords=bags&qid=1679396615&sprefix=ba%2Caps%2C283&sr=8-161,Wooum Sling Cross Body Bag/One Side Bag/Shoulder Bag/Office Business Messenger Bag/Money Bag for Men and Women - Water Resisitance  ,328,4.0 out of 5 stars,615
https://www.amazon.in/Lenovo-Laptop-Backpack-15-6-Inch-GX40Q17225/dp/B075Y72PHZ/ref=sr_1_162?crid=2M096C61O4MLT&keywords=bags&qid=1679396615&sprefix=ba%2Caps%2C283&sr=8-162,Lenovo Casual Laptop Backpack B210 15.6-inch(39.6cm) Water Repellent Black  ,799,4.2 out of 5 stars,"54,726"
https://www.amazon.in/Wildcraft-Turnaround-Polyester-Laptop-8903340000000/dp/B012D4QWES/ref=sr_1_163?crid=2M096C61O4MLT&keywords=bags&qid=1679396615&sprefix=ba%2Caps%2C283&sr=8-163,Wildcraft Turnaround Polyester 14 inch 27 Ltrs Blue Laptop Bag (8903340000000)  ,"1,895",4.3 out of 5 stars,"3,229"
https://www.amazon.in/F-Gear-Tycoon-Laptop-Backpack/dp/B071XJ6XV5/ref=sr_1_164?crid=2M096C61O4MLT&keywords=bags&qid=1679396615&sprefix=ba%2Caps%2C283&sr=8-164,F Gear Tycoon 27 Liters Laptop Backpack Sch Bag(Black)  ,"1,168",4.4 out of 5 stars,215
https://www.amazon.in/sspa/click?ie=UTF8&spc=MTozMzY0NzcxNTEzNzM5ODAyOjE2NzkzOTY2MTU6c3BfYnRmOjIwMTIxOTcyMjYwNDk4OjowOjo&url=%2FEUME-Propine-Massager-Backpack-Charging%2Fdp%2FB07XG935R9%2Fref%3Dsr_1_165_sspa%3Fcrid%3D2M096C61O4MLT%26keywords%3Dbags%26qid%3D1679396615%26sprefix%3Dba%252Caps%252C283%26sr%3D8-165-spons%26sp_csd%3Dd2lkZ2V0TmFtZT1zcF9idGY%26psc%3D1%26smid%3DAPBFC7AMQ4Q38,"EUME Propine Laptop Backpack | Built-in Massager, Water Resistant & Anti-Theft | Fits Up-to 15.6"" MacBook (Melange, 22L)  ","3,499",4.1 out of 5 stars,45
https://www.amazon.in/sspa/click?ie=UTF8&spc=MTozMzY0NzcxNTEzNzM5ODAyOjE2NzkzOTY2MTU6c3BfYnRmOjIwMDgwMjg4MjI1OTk4OjowOjo&url=%2FClownfish-Resistant-Polyester-Trolley-Backpack%2Fdp%2FB0BFL7SVSM%2Fref%3Dsr_1_166_sspa%3Fcrid%3D2M096C61O4MLT%26keywords%3Dbags%26qid%3D1679396615%26sprefix%3Dba%252Caps%252C283%26sr%3D8-166-spons%26sp_csd%3Dd2lkZ2V0TmFtZT1zcF9idGY%26psc%3D1,The Clownfish Tramp 33 Litre Water Resistant Polyester Two Wheel Laptop Trolley Backpack (Black- Size 48 Cm)  ,"5,699",5.0 out of 5 stars,2
